Year,Actor,Film,Role(s)
"1927/28
(1st)",Emil Jannings [A],"The Last Command
The Way of All Flesh","Grand Duke Sergius Alexander
August Schilling"
,Richard Barthelmess,"The Noose
The Patent Leather Kid","Nickie Elkins
Patent Leather Kid"
"1928/29
(2nd)",Warner Baxter,In Old Arizona,The Cisco Kid
,George Bancroft,Thunderbolt,Thunderbolt Jim Lang
,Chester Morris,Alibi,Chick Williams (No. 1065)
,Paul Muni,The Valiant,James Dyke
,Lewis Stone,The Patriot,Count Pahlen
"1929/30
(3rd)",George Arliss [B],Disraeli,Benjamin Disraeli
,George Arliss[B],The Green Goddess,The Raja
,Wallace Beery,The Big House,Butch 'Machine Gun' Schmidt
,Maurice Chevalier [B],"The Big Pond
The Love Parade","Pierre Mirande
Count Alfred Renard"
,Ronald Colman [B],"Bulldog Drummond
Condemned","Capt. Hugh 'Bulldog' Drummond
Michel"
,Lawrence Tibbett,The Rogue Song,Yegor
"1930/31
(4th)",Lionel Barrymore,A Free Soul,Stephen Ashe
,Jackie Cooper,Skippy,Skippy Skinner
,Richard Dix,Cimarron,Yancey Cravat
,Fredric March,The Royal Family of Broadway,Tony Cavendish
,Adolphe Menjou,The Front Page,Walter Burns
"1931/32
(5th)",Wallace Beery [C],The Champ,"Andy ""Champ"" Purcell"
,Fredric March [C],Dr. Jekyll and Mr. Hyde,Dr. Henry Jekyll / Mr. Edward Hyde
,Alfred Lunt,The Guardsman,The Actor
"1932/33
(6th)",Charles Laughton,The Private Life of Henry VIII,King Henry VIII of England
,Leslie Howard,Berkeley Square,Peter Standish
,Paul Muni,I Am a Fugitive from a Chain Gang,James Allen
"1934
(7th)",Clark Gable,It Happened One Night,Peter Warne
,Frank Morgan,The Affairs of Cellini,Alessandro – Duke of Florence
,William Powell,The Thin Man,Nick Charles
"1935
(8th)",Victor McLaglen,The Informer,Gypo Nolan
,Clark Gable,Mutiny on the Bounty,Lieutenant Fletcher Christian
,Charles Laughton,Mutiny on the Bounty,Captain William Bligh
,Franchot Tone,Mutiny on the Bounty,Midshipman Roger Byam
,Paul Muni [D],Black Fury,Joe Radek
"1936
(9th)",Paul Muni,The Story of Louis Pasteur,Louis Pasteur
,Gary Cooper,Mr. Deeds Goes to Town,Longfellow Deeds
,Walter Huston,Dodsworth,Sam Dodsworth
,William Powell,My Man Godfrey,Godfrey Park
,Spencer Tracy,San Francisco,Father Tim Mullin
"1937
(10th)",Spencer Tracy,Captains Courageous,Manuel
,Charles Boyer,Conquest,Emperor Napoleon Bonaparte
,Fredric March,A Star Is Born,Norman Maine
,Robert Montgomery,Night Must Fall,Danny
,Paul Muni,The Life of Emile Zola,Émile Zola
"1938
(11th)",Spencer Tracy,Boys Town,Father Flanagan
,Charles Boyer,Algiers,Pepe le Moko
,James Cagney,Angels with Dirty Faces,Rocky Sullivan
,Robert Donat,The Citadel,Dr. Andrew Manson
,Leslie Howard,Pygmalion,Professor Henry Higgins
"1939
(12th)",Robert Donat,"Goodbye, Mr. Chips",Charles Edward Chipping
,Clark Gable,Gone with the Wind,Rhett Butler
,Laurence Olivier,Wuthering Heights,Heathcliff
,Mickey Rooney,Babes in Arms,Mickey Moran
,James Stewart,Mr. Smith Goes to Washington,Jefferson Smith
"1940
(13th)",James Stewart,The Philadelphia Story,"Macaulay ""Mike"" Connor"
,Charlie Chaplin,The Great Dictator,Adenoid Hynkel/The Barber
,Henry Fonda,The Grapes of Wrath,Tom Joad
,Raymond Massey,Abe Lincoln in Illinois,Abraham Lincoln
,Laurence Olivier,Rebecca,Maxim' de Winter
"1941
(14th)",Gary Cooper,Sergeant York,Sgt. Alvin C. York
,Cary Grant,Penny Serenade,Roger Adams
,Walter Huston,The Devil and Daniel Webster,Mr. Scratch
,Robert Montgomery,Here Comes Mr. Jordan,Joe Pendleton
,Orson Welles,Citizen Kane,Charles Foster Kane
"1942
(15th)",James Cagney,Yankee Doodle Dandy,George M. Cohan
,Ronald Colman,Random Harvest,Charles Rainier
,Gary Cooper,The Pride of the Yankees,Lou Gehrig
,Walter Pidgeon,Mrs. Miniver,Clem Miniver
,Monty Woolley,The Pied Piper,Howard
"1943
(16th)",Paul Lukas,Watch on the Rhine,Kurt Muller
,Humphrey Bogart,Casablanca,Rick Blaine
,Gary Cooper,For Whom the Bell Tolls,Robert Jordan
,Walter Pidgeon,Madame Curie,Pierre Curie
,Mickey Rooney,The Human Comedy,Homer Macauley
"1944
(17th)",Bing Crosby,Going My Way,Father Chuck O'Malley
,Charles Boyer,Gaslight,Gregory Anton
,Barry Fitzgerald,Going My Way,Father Fitzgibbon
,Cary Grant,None but the Lonely Heart,Ernie Mott
,Alexander Knox,Wilson,Woodrow Wilson
"1945
(18th)",Ray Milland,The Lost Weekend,Don Birnam
,Bing Crosby,The Bells of St. Mary's,Father Chuck O'Malley
,Gene Kelly,Anchors Aweigh,Joseph Brady
,Gregory Peck,The Keys of the Kingdom,Father Francis
,Cornel Wilde,A Song to Remember,Frédéric Chopin
"1946
(19th)",Fredric March,The Best Years of Our Lives,Al Stephenson
,Laurence Olivier,Henry V,King Henry V of England
,Larry Parks,The Jolson Story,Al Jolson
,Gregory Peck,The Yearling,"Ezra ""Penny"" Baxter"
,James Stewart,It's a Wonderful Life,George Bailey
"1947
(20th)",Ronald Colman,A Double Life,Anthony John
,John Garfield,Body and Soul,Charlie Davis
,Gregory Peck,Gentleman's Agreement,Philip Schuyler Green
,William Powell,Life with Father,"Clarence Day, Sr."
,Michael Redgrave,Mourning Becomes Electra,Orin Mannon
"1948
(21st)",Laurence Olivier,Hamlet,"Hamlet, Prince of Denmark"
,Lew Ayres,Johnny Belinda,Dr. Robert Richardson
,Montgomery Clift,The Search,"Ralph ""Steve"" Stevenson"
,Dan Dailey,When My Baby Smiles at Me,"""Skid"" Johnson"
,Clifton Webb,Sitting Pretty,Lynn Aloysius Belvedere
"1949
(22nd)",Broderick Crawford,All the King's Men,Willie Stark
,Kirk Douglas,Champion,"Michael ""Midge"" Kelly"
,Gregory Peck,Twelve O'Clock High,Brig. General Frank Savage
,Richard Todd,The Hasty Heart,"Cpl. Lachlan ""Lachie"" MacLachlan"
,John Wayne,Sands of Iwo Jima,Sergeant John M. Stryker
"1950
(23rd)",José Ferrer,Cyrano de Bergerac,Cyrano de Bergerac
,Louis Calhern,The Magnificent Yankee,Oliver Wendell Holmes
,William Holden,Sunset Boulevard,Joe Gillis
,James Stewart,Harvey,Elwood P. Dowd
,Spencer Tracy,Father of the Bride,Stanley T. Banks
"1951
(24th)",Humphrey Bogart,The African Queen,Charlie Allnut
,Marlon Brando,A Streetcar Named Desire,Stanley Kowalski
,Montgomery Clift,A Place in the Sun,George Eastman
,Arthur Kennedy,Bright Victory,Larry Nevins
,Fredric March,Death of a Salesman,Willy Loman
"1952
(25th)",Gary Cooper,High Noon,Marshal Will Kane
,Marlon Brando,Viva Zapata!,Emiliano Zapata
,Kirk Douglas,The Bad and the Beautiful,Jonathan Shields
,José Ferrer,Moulin Rouge,"Henri de Toulouse-Lautrec
Comte Alphonse de Toulouse-Lautrec"
,Alec Guinness,The Lavender Hill Mob,Holland
"1953
(26th)",William Holden,Stalag 17,Sgt. J.J. Sefton
,Marlon Brando,Julius Caesar,Mark Antony
,Richard Burton,The Robe,Marcellus Gallio
,Montgomery Clift,From Here to Eternity,Pvt. Robert E. Lee 'Prew' Prewitt
,Burt Lancaster,From Here to Eternity,1st Sgt. Milton Warden
"1954
(27th)",Marlon Brando,On the Waterfront,Terry Malloy
,Humphrey Bogart,The Caine Mutiny,Lt. Cmdr. Philip Francis Queeg
,Bing Crosby,The Country Girl,Frank Elgin
,James Mason,A Star Is Born,Norman Maine
,Dan O'Herlihy,Adventures of Robinson Crusoe,Robinson Crusoe
"1955
(28th)",Ernest Borgnine,Marty,Marty Piletti
,James Cagney,Love Me or Leave Me,Martin Snyder
,James Dean *[38],East of Eden,Cal Trask
,Frank Sinatra,The Man with the Golden Arm,Frankie Machine
,Spencer Tracy,Bad Day at Black Rock,John J. Macreedy
"1956
(29th)",Yul Brynner,The King and I,King Mongkut of Siam
,James Dean *[38],Giant,Jett Rink
,Kirk Douglas,Lust for Life,Vincent van Gogh
,Rock Hudson,Giant,"Jordan ""Bick"" Benedict Jr."
,Laurence Olivier,Richard III,King Richard III of England
"1957
(30th)",Alec Guinness,The Bridge on the River Kwai,"Lt. Colonel L. Nicholson, D.S.O."
,Marlon Brando,Sayonara,"Major Lloyd ""Ace"" Gruver, USAF"
,Anthony Franciosa,A Hatful of Rain,Polo Pope
,Charles Laughton,Witness for the Prosecution,Sir Wilfrid Robarts
,Anthony Quinn,Wild Is the Wind,Gino
"1958
(31st)",David Niven,Separate Tables,Major Angus Pollock
,Tony Curtis,The Defiant Ones,John 'Joker' Jackson
,Paul Newman,Cat on a Hot Tin Roof,Brick Pollitt
,Sidney Poitier,The Defiant Ones,Noah Cullen
,Spencer Tracy,The Old Man and the Sea,The Old Man
"1959
(32nd)",Charlton Heston,Ben-Hur,Judah Ben-Hur
,Laurence Harvey,Room at the Top,Joe Lampton
,Jack Lemmon,Some Like It Hot,Jerry / Daphne
,Paul Muni,The Last Angry Man,Dr. Sam Abelman
,James Stewart,Anatomy of a Murder,Paul Biegler
"1960
(33rd)",Burt Lancaster,Elmer Gantry,Elmer Gantry
,Trevor Howard,Sons and Lovers,Walter Morel
,Jack Lemmon,The Apartment,"C. C. ""Bud"" Baxter"
,Laurence Olivier,The Entertainer,Archie Rice
,Spencer Tracy,Inherit the Wind,Henry Drummond
"1961
(34th)",Maximilian Schell,Judgment at Nuremberg,Hans Rolfe
,Charles Boyer,Fanny,Cesar
,Paul Newman,The Hustler,Eddie Felson
,Spencer Tracy,Judgment at Nuremberg,Chief Judge Dan Haywood
,Stuart Whitman,The Mark,Jim Fuller
"1962
(35th)",Gregory Peck,To Kill a Mockingbird,Atticus Finch
,Burt Lancaster,Birdman of Alcatraz,Robert Franklin Stroud
,Jack Lemmon,Days of Wine and Roses,Joe Clay
,Marcello Mastroianni,Divorce Italian Style,Ferdinando Cefalù
,Peter O'Toole,Lawrence of Arabia,T. E. Lawrence
"1963
(36th)",Sidney Poitier,Lilies of the Field,Homer Smith
,Albert Finney,Tom Jones,Tom Jones
,Richard Harris,This Sporting Life,Frank Machin
,Rex Harrison,Cleopatra,Julius Caesar
,Paul Newman,Hud,Hud Bannon
"1964
(37th)",Rex Harrison,My Fair Lady,Professor Henry Higgins
,Richard Burton,Becket,Thomas Becket
,Peter O'Toole,Becket,King Henry II of England
,Anthony Quinn,Zorba the Greek,Alexis Zorba
,Peter Sellers,Dr. Strangelove,"Group Captain Lionel Mandrake
President Merkin Muffley
Dr. Strangelove"
"1965
(38th)",Lee Marvin,Cat Ballou,"Kid Shelleen
Tim Strawn"
,Richard Burton,The Spy Who Came in from the Cold,Alec Leamas
,Laurence Olivier,Othello,Othello
,Rod Steiger,The Pawnbroker,Sol Nazerman
,Oskar Werner,Ship of Fools,Willie Schumann
"1966
(39th)",Paul Scofield,A Man for All Seasons,Sir Thomas More
,Alan Arkin,"The Russians Are Coming, the Russians Are Coming",Lt. Rozanov
,Richard Burton,Who's Afraid of Virginia Woolf?,George
,Michael Caine,Alfie,Alfie Elkins
,Steve McQueen,The Sand Pebbles,Jake Holman
"1967
(40th)",Rod Steiger,In the Heat of the Night,Police Chief Bill Gillespie
,Warren Beatty,Bonnie and Clyde,Clyde Barrow
,Dustin Hoffman,The Graduate,Benjamin Braddock
,Paul Newman,Cool Hand Luke,"Lucas ""Cool Hand Luke"" Jackson"
,Spencer Tracy *[38],Guess Who's Coming to Dinner,Matt Drayton
"1968
(41st)",Cliff Robertson,Charly,Charly Gordon
,Alan Arkin,The Heart Is a Lonely Hunter,John Singer
,Alan Bates,The Fixer,Yakov Bok
,Ron Moody,Oliver!,Fagin
,Peter O'Toole,The Lion in Winter,King Henry II of England
"1969
(42nd)",John Wayne,True Grit,"Reuben ""Rooster"" Cogburn"
,Richard Burton,Anne of the Thousand Days,King Henry VIII of England
,Dustin Hoffman,Midnight Cowboy,"Enrico Salvatore ""Ratso"" ""Rico"" Rizzo"
,Peter O'Toole,"Goodbye, Mr. Chips",Arthur Chipping
,Jon Voight,Midnight Cowboy,Joe Buck
"1970
(43rd)",George C. Scott §[53],Patton,General George S. Patton Jr.
,Melvyn Douglas,I Never Sang for My Father,Tom Garrison
,James Earl Jones,The Great White Hope,Jack Jefferson
,Jack Nicholson,Five Easy Pieces,Robert Eroica Dupea
,Ryan O'Neal,Love Story,Oliver Barrett IV
"1971
(44th)",Gene Hackman,The French Connection,"Detective Jimmy ""Popeye"" Doyle"
,Peter Finch,Sunday Bloody Sunday,Dr. Daniel Hirsh
,Walter Matthau,Kotch,Joseph P. Kotcher
,George C. Scott,The Hospital,Dr. Herbert Bock
,Topol,Fiddler on the Roof,Tevye
"1972
(45th)",Marlon Brando §[53],The Godfather,Vito Corleone
,Michael Caine,Sleuth,Milo Tindle
,Laurence Olivier,Sleuth,Andrew Wyke
,Peter O'Toole,The Ruling Class,"Jack Gurney, 14th Earl of Gurney"
,Paul Winfield,Sounder,Nathan Lee Morgan
"1973
(46th)",Jack Lemmon,Save the Tiger,Harry Stoner
,Marlon Brando,Last Tango in Paris,Paul
,Jack Nicholson,The Last Detail,"Signalman First Class Billy L. ""Badass"" Buddusky"
,Al Pacino,Serpico,Frank Serpico
,Robert Redford,The Sting,"Johnny ""Kelly"" Hooker"
"1974
(47th)",Art Carney,Harry and Tonto,Harry Coombes
,Albert Finney,Murder on the Orient Express,Hercule Poirot
,Dustin Hoffman,Lenny,Lenny Bruce
,Jack Nicholson,Chinatown,"J. J. ""Jake"" Gittes"
,Al Pacino,The Godfather Part II,Michael Corleone
"1975
(48th)",Jack Nicholson,One Flew Over the Cuckoo's Nest,"Randle Patrick ""Mac"" McMurphy"
,Walter Matthau,The Sunshine Boys,Willy Clark
,Al Pacino,Dog Day Afternoon,Sonny Wortzik
,Maximilian Schell,The Man in the Glass Booth,Arthur Goldman
,James Whitmore,"Give 'em Hell, Harry!",Harry S. Truman
"1976
(49th)",Peter Finch ^[38],Network,Howard Beale
,Robert De Niro,Taxi Driver,Travis Bickle
,Giancarlo Giannini,Seven Beauties,Pasqualino Frafuso
,William Holden,Network,Max Schumacher
,Sylvester Stallone,Rocky,Rocky Balboa
"1977
(50th)",Richard Dreyfuss,The Goodbye Girl,Elliot Garfield
,Woody Allen,Annie Hall,Alvy Singer
,Richard Burton,Equus,Martin Dysart
,Marcello Mastroianni,A Special Day,Gabriele
,John Travolta,Saturday Night Fever,"Anthony ""Tony"" Manero"
"1978
(51st)",Jon Voight,Coming Home,Luke Martin
,Warren Beatty,Heaven Can Wait,Joe Pendleton
,Gary Busey,The Buddy Holly Story,Buddy Holly
,Robert De Niro,The Deer Hunter,Michael Vronsky
,Laurence Olivier,The Boys from Brazil,Ezra Lieberman
"1979
(52nd)",Dustin Hoffman,Kramer vs. Kramer,Ted Kramer
,Jack Lemmon,The China Syndrome,Jack Godell
,Al Pacino,...And Justice for All,Arthur Kirkland
,Roy Scheider,All That Jazz,Joe Gideon
,Peter Sellers,Being There,"Chance the Gardener, aka Chauncey Gardiner"
"1980
(53rd)",Robert De Niro,Raging Bull,Jake LaMotta
,Robert Duvall,The Great Santini,"Lieutenant Colonel Wilbur ""Bull"" Meechum"
,John Hurt,The Elephant Man,John Merrick
,Jack Lemmon,Tribute,Scottie Templeton
,Peter O'Toole,The Stunt Man,Eli Cross
"1981
(54th)",Henry Fonda,On Golden Pond,Norman Thayer Jr.
,Warren Beatty,Reds,"John Silas ""Jack"" Reed"
,Burt Lancaster,Atlantic City,Lou Pascal
,Dudley Moore,Arthur,Arthur Bach
,Paul Newman,Absence of Malice,Michael Colin Gallagher
"1982
(55th)",Ben Kingsley,Gandhi,Mohandas Karamchand Gandhi
,Dustin Hoffman,Tootsie,"Michael Dorsey, aka Dorothy Michaels"
,Jack Lemmon,Missing,Ed Horman
,Paul Newman,The Verdict,Frank Galvin
,Peter O'Toole,My Favorite Year,Alan Swann
"1983
(56th)",Robert Duvall,Tender Mercies,Mac Sledge
,Michael Caine,Educating Rita,Dr. Frank Bryant
,Tom Conti,"Reuben, Reuben",Gowan McGland
,Tom Courtenay,The Dresser,Norman
,Albert Finney,The Dresser,Sir
"1984
(57th)",F. Murray Abraham,Amadeus,Antonio Salieri
,Jeff Bridges,Starman,Starman
,Albert Finney,Under the Volcano,Geoffrey Firmin
,Tom Hulce,Amadeus,Wolfgang Amadeus Mozart
,Sam Waterston,The Killing Fields,Sydney Schanberg
"1985
(58th)",William Hurt,Kiss of the Spider Woman,Luis Molina
,Harrison Ford,Witness,Detective Captain John Book
,James Garner,Murphy's Romance,Murphy Jones
,Jack Nicholson,Prizzi's Honor,Charley Partanna
,Jon Voight,Runaway Train,"Oscar ""Manny"" Manheim"
"1986
(59th)",Paul Newman,The Color of Money,Fast Eddie Felson
,Dexter Gordon,Round Midnight,Dale Turner
,Bob Hoskins,Mona Lisa,George
,William Hurt,Children of a Lesser God,James Leeds
,James Woods,Salvador,Richard Boyle
"1987
(60th)",Michael Douglas,Wall Street,Gordon Gekko
,William Hurt,Broadcast News,Tom Grunick
,Marcello Mastroianni,Dark Eyes,Romano
,Jack Nicholson,Ironweed,Francis Phelan
,Robin Williams,"Good Morning, Vietnam",Adrian Cronauer
"1988
(61st)",Dustin Hoffman,Rain Man,Raymond Babbitt
,Gene Hackman,Mississippi Burning,Agent Rupert Anderson
,Tom Hanks,Big,Josh Baskin
,Edward James Olmos,Stand and Deliver,Jaime Escalante
,Max von Sydow,Pelle the Conqueror,Lassefar
"1989
(62nd)",Daniel Day-Lewis,My Left Foot,Christy Brown
,Kenneth Branagh,Henry V,King Henry V of England
,Tom Cruise,Born on the Fourth of July,Ron Kovic
,Morgan Freeman,Driving Miss Daisy,Hoke Colburn
,Robin Williams,Dead Poets Society,"John Charles ""Keats"" Keating"
"1990
(63rd)",Jeremy Irons,Reversal of Fortune,Claus von Bülow
,Kevin Costner,Dances with Wolves,Lieutenant John J. Dunbar
,Robert De Niro,Awakenings,Leonard Lowe
,Gérard Depardieu,Cyrano de Bergerac,Cyrano de Bergerac
,Richard Harris,The Field,"""Bull"" McCabe"
"1991
(64th)",Anthony Hopkins,The Silence of the Lambs,Dr. Hannibal Lecter
,Warren Beatty,Bugsy,"Benjamin ""Bugsy"" Siegel"
,Robert De Niro,Cape Fear,"Maximilian ""Max"" Cady"
,Nick Nolte,The Prince of Tides,Tom Wingo
,Robin Williams,The Fisher King,"Henry ""Parry"" Sagan"
"1992
(65th)",Al Pacino,Scent of a Woman,Lieutenant Colonel Frank Slade
,Robert Downey Jr.,Chaplin,Charlie Chaplin
,Clint Eastwood,Unforgiven,"William ""Will"" Munny"
,Stephen Rea,The Crying Game,Fergus
,Denzel Washington,Malcolm X,Malcolm X
"1993
(66th)",Tom Hanks,Philadelphia,Andrew Beckett
,Daniel Day-Lewis,In the Name of the Father,Gerry Conlon
,Laurence Fishburne,What's Love Got to Do with It,Ike Turner
,Anthony Hopkins,The Remains of the Day,James Stevens
,Liam Neeson,Schindler's List,Oskar Schindler
"1994
(67th)",Tom Hanks,Forrest Gump,Forrest Gump
,Morgan Freeman,The Shawshank Redemption,"Ellis Boyd ""Red"" Redding"
,Nigel Hawthorne,The Madness of King George,King George III
,Paul Newman,Nobody's Fool,"Donald ""Sully"" Sullivan"
,John Travolta,Pulp Fiction,Vincent Vega
"1995
(68th)",Nicolas Cage,Leaving Las Vegas,Ben Sanderson
,Richard Dreyfuss,Mr. Holland's Opus,Glenn Holland
,Anthony Hopkins,Nixon,Richard Nixon
,Sean Penn,Dead Man Walking,Matthew Poncelet
,Massimo Troisi *[38],Il Postino,Mario Ruoppolo
"1996
(69th)",Geoffrey Rush,Shine,David Helfgott
,Tom Cruise,Jerry Maguire,Jerry Maguire
,Ralph Fiennes,The English Patient,Count Laszlo de Almásy
,Woody Harrelson,The People vs. Larry Flynt,Larry Flynt
,Billy Bob Thornton,Sling Blade,Karl Childers
"1997
(70th)",Jack Nicholson,As Good as It Gets,Melvin Udall
,Matt Damon,Good Will Hunting,Will Hunting
,Robert Duvall,The Apostle,"Euliss ""Sonny"" Dewey"
,Peter Fonda,Ulee's Gold,"Ulysses ""Ulee"" Jackson"
,Dustin Hoffman,Wag the Dog,Stanley Motss
"1998
(71st)",Roberto Benigni,Life Is Beautiful,Guido Orefice
,Tom Hanks,Saving Private Ryan,Captain John Miller
,Ian McKellen,Gods and Monsters,James Whale
,Nick Nolte,Affliction,Wade Whitehouse
,Edward Norton,American History X,Derek Vinyard
"1999
(72nd)",Kevin Spacey,American Beauty,Lester Burnham
,Russell Crowe,The Insider,Jeffrey Wigand
,Richard Farnsworth,The Straight Story,Alvin Straight
,Sean Penn,Sweet and Lowdown,Emmet Ray
,Denzel Washington,The Hurricane,"Rubin ""The Hurricane"" Carter"
"2000
(73rd)",Russell Crowe,Gladiator,Maximus Decimus Meridius
,Javier Bardem,Before Night Falls,Reinaldo Arenas
,Tom Hanks,Cast Away,Chuck Noland
,Ed Harris,Pollock,Jackson Pollock
,Geoffrey Rush,Quills,The Marquis de Sade
"2001
(74th)",Denzel Washington,Training Day,Detective Alonzo Harris
,Russell Crowe,A Beautiful Mind,John Forbes Nash Jr.
,Sean Penn,I Am Sam,Sam Dawson
,Will Smith,Ali,Muhammad Ali
,Tom Wilkinson,In the Bedroom,Dr. Matt Fowler
"2002
(75th)",Adrien Brody,The Pianist,Władysław Szpilman
,Nicolas Cage,Adaptation,"Charlie Kaufman
Donald Kaufman"
,Michael Caine,The Quiet American,Thomas Fowler
,Daniel Day-Lewis,Gangs of New York,"William ""Bill the Butcher"" Cutting"
,Jack Nicholson,About Schmidt,Warren R. Schmidt
"2003
(76th)",Sean Penn,Mystic River,Jimmy Markum
,Johnny Depp,Pirates of the Caribbean: The Curse of the Black Pearl,Jack Sparrow
,Ben Kingsley,House of Sand and Fog,Massoud Amir Behrani
,Jude Law,Cold Mountain,W. P. Inman
,Bill Murray,Lost in Translation,Bob Harris
"2004
(77th)",Jamie Foxx,Ray,Ray Charles
,Don Cheadle,Hotel Rwanda,Paul Rusesabagina
,Johnny Depp,Finding Neverland,J. M. Barrie
,Leonardo DiCaprio,The Aviator,Howard Hughes
,Clint Eastwood,Million Dollar Baby,Frankie Dunn
"2005
(78th)",Philip Seymour Hoffman,Capote,Truman Capote
,Terrence Howard,Hustle & Flow,Djay
,Heath Ledger,Brokeback Mountain,Ennis Del Mar
,Joaquin Phoenix,Walk the Line,Johnny Cash
,David Strathairn,"Good Night, and Good Luck",Edward R. Murrow
"2006
(79th)",Forest Whitaker,The Last King of Scotland,Idi Amin
,Leonardo DiCaprio,Blood Diamond,Danny Archer
,Ryan Gosling,Half Nelson,Dan Dunne
,Peter O'Toole,Venus,Maurice
,Will Smith,The Pursuit of Happyness,Chris Gardner
"2007
(80th)",Daniel Day-Lewis,There Will Be Blood,Daniel Plainview
,George Clooney,Michael Clayton,Michael Clayton
,Johnny Depp,Sweeney Todd: The Demon Barber of Fleet Street,Sweeney Todd / Benjamin Barker
,Tommy Lee Jones,In the Valley of Elah,Hank Deerfield
,Viggo Mortensen,Eastern Promises,Nikolai Luzhin
"2008
(81st)",Sean Penn,Milk,Harvey Milk
,Richard Jenkins,The Visitor,Walter Vale
,Frank Langella,Frost/Nixon,Richard Nixon
,Brad Pitt,The Curious Case of Benjamin Button,Benjamin Button
,Mickey Rourke,The Wrestler,"Randy ""The Ram"" Robinson"
"2009
(82nd)",Jeff Bridges,Crazy Heart,"Otis ""Bad"" Blake"
,George Clooney,Up in the Air,Ryan Bingham
,Colin Firth,A Single Man,George Falconer
,Morgan Freeman,Invictus,Nelson Mandela
,Jeremy Renner,The Hurt Locker,SFC William James
"2010
(83rd)",Colin Firth,The King's Speech,King George VI
,Javier Bardem,Biutiful,Uxbal
,Jeff Bridges,True Grit,"Reuben ""Rooster"" Cogburn"
,Jesse Eisenberg,The Social Network,Mark Zuckerberg
,James Franco,127 Hours,Aron Ralston
"2011
(84th)",Jean Dujardin,The Artist,George Valentin
,Demián Bichir,A Better Life,Carlos Galindo
,George Clooney,The Descendants,Matthew King
,Gary Oldman,Tinker Tailor Soldier Spy,George Smiley
,Brad Pitt,Moneyball,Billy Beane
"2012
(85th)",Daniel Day-Lewis,Lincoln,Abraham Lincoln
,Bradley Cooper,Silver Linings Playbook,"Patrizio ""Pat"" Solitano Jr."
,Hugh Jackman,Les Misérables,Jean Valjean
,Joaquin Phoenix,The Master,Freddie Quell
,Denzel Washington,Flight,"William ""Whip"" Whitaker, Sr."
"2013
(86th)",Matthew McConaughey,Dallas Buyers Club,Ron Woodroof
,Christian Bale,American Hustle,Irving Rosenfeld
,Bruce Dern,Nebraska,"Woodrow ""Woody"" Grant"
,Leonardo DiCaprio,The Wolf of Wall Street,Jordan Belfort
,Chiwetel Ejiofor,12 Years a Slave,Solomon Northup
"2014
(87th)",Eddie Redmayne,The Theory of Everything,Stephen Hawking
,Steve Carell,Foxcatcher,John du Pont
,Bradley Cooper,American Sniper,Chris Kyle
,Benedict Cumberbatch,The Imitation Game,Alan Turing
,Michael Keaton,Birdman,Riggan Thomson
"2015
(88th)",Leonardo DiCaprio,The Revenant,Hugh Glass
,Bryan Cranston,Trumbo,Dalton Trumbo
,Matt Damon,The Martian,Mark Watney
,Michael Fassbender,Steve Jobs,Steve Jobs
,Eddie Redmayne,The Danish Girl,Lili Elbe
"2016
(89th)",Casey Affleck,Manchester by the Sea,Lee Chandler
,Andrew Garfield,Hacksaw Ridge,Desmond T. Doss
,Ryan Gosling,La La Land,Sebastian Wilder
,Viggo Mortensen,Captain Fantastic,Ben Cash
,Denzel Washington,Fences,Troy Maxson
"1936
(9th)",Walter Brennan,Come and Get It,Swan Bostrom
,Mischa Auer,My Man Godfrey,Carlo
,Stuart Erwin,Pigskin Parade,Amos Dodd
,Basil Rathbone,Romeo and Juliet,Tybalt – Nephew to Lady Capulet
,Akim Tamiroff,The General Died at Dawn,General Yang
"1937
(10th)",Joseph Schildkraut,The Life of Emile Zola,Capt. Alfred Dreyfus
,Ralph Bellamy,The Awful Truth,Dan Leeson
,Thomas Mitchell,The Hurricane,Dr. Kersaint
,H. B. Warner,Lost Horizon,Chang
,Roland Young,Topper,Cosmo Topper
"1938
(11th)",Walter Brennan,Kentucky,Peter Goodwin
,John Garfield,Four Daughters,Mickey Borden
,Gene Lockhart,Algiers,Regis
,Robert Morley,Marie Antoinette,King Louis XVI
,Basil Rathbone,If I Were King,King Louis XI
"1939
(12th)",Thomas Mitchell,Stagecoach,Dr. Josiah Boone
,Brian Aherne,Juarez,Emperor Maximilian von Habsburg
,Harry Carey,Mr. Smith Goes to Washington,President of the Senate
,Brian Donlevy,Beau Geste,Sgt. Markoff
,Claude Rains,Mr. Smith Goes to Washington,Sen. Joseph Harrison Paine
"1940
(13th)",Walter Brennan,The Westerner,Judge Roy Bean
,Albert Bassermann,Foreign Correspondent,Van Meer
,William Gargan,They Knew What They Wanted,Joe
,Jack Oakie,The Great Dictator,Benzini Napaloni (Dictator of Bacteria)
,James Stephenson,The Letter,Howard Joyce
"1941
(14th)",Donald Crisp,How Green Was My Valley,Gwilym Morgan
,Walter Brennan,Sergeant York,Pastor Rosier Pile
,Charles Coburn,The Devil and Miss Jones,John P. Merrick
,James Gleason,Here Comes Mr. Jordan,Max Corkle
,Sydney Greenstreet,The Maltese Falcon,Kasper Gutman
"1942
(15th)",Van Heflin,Johnny Eager,Jeff Hartnett
,William Bendix,Wake Island,"Pvt. Aloysius ""Smacksie"" Randall"
,Walter Huston,Yankee Doodle Dandy,Jerry Cohan
,Frank Morgan,Tortilla Flat,The Pirate
,Henry Travers,Mrs. Miniver,James Ballard
"1943
(16th)",Charles Coburn,The More the Merrier,Benjamin Dingle
,Charles Bickford,The Song of Bernadette,Father Peyramale
,J. Carrol Naish,Sahara,Giuseppe
,Claude Rains,Casablanca,Capt. Louis Renault
,Akim Tamiroff,For Whom the Bell Tolls,Pablo
"1944
(17th)",Barry Fitzgerald,Going My Way,Father Fitzgibbon
,Hume Cronyn,The Seventh Cross,Paul Roeder
,Claude Rains,Mr. Skeffington,Job Skeffington
,Clifton Webb,Laura,Waldo Lydecker
,Monty Woolley,Since You Went Away,Colonel William G. Smollett
"1945
(18th)",James Dunn,A Tree Grows in Brooklyn,Johnny Nolan
,Michael Chekhov,Spellbound,"Dr. Alexander ""Alex"" Brulov"
,John Dall,The Corn Is Green,Morgan Evans
,Robert Mitchum,The Story of G.I. Joe,Lt. Capt. Bill Walker
,J. Carrol Naish,A Medal for Benny,Charley Martin
"1946
(19th)",Harold Russell,The Best Years of Our Lives,Homer Parrish
,Charles Coburn,The Green Years,Alexander Gow
,William Demarest,The Jolson Story,Steve Martin
,Claude Rains,Notorious,Alexander Sebastian
,Clifton Webb,The Razor's Edge,Elliott Templeton
"1947
(20th)",Edmund Gwenn,Miracle on 34th Street,Kris Kringle
,Charles Bickford,The Farmer's Daughter,Joseph Clancy
,Thomas Gomez,Ride the Pink Horse,Pancho
,Robert Ryan,Crossfire,Montgomery
,Richard Widmark,Kiss of Death,Tommy Udo
"1948
(21st)",Walter Huston,The Treasure of the Sierra Madre,Howard
,Charles Bickford,Johnny Belinda,Black McDonald
,José Ferrer,Joan of Arc,"The Dauphin, Charles VII, later King of France"
,Oskar Homolka,I Remember Mama,Uncle Chris Halverson
,Cecil Kellaway,The Luck of the Irish,Horace (A Leprechaun)
"1949
(22nd)",Dean Jagger,Twelve O'Clock High,Major Harvey Stovall
,John Ireland,All the King's Men,Jack Burden
,Arthur Kennedy,Champion,Connie Kelly
,Ralph Richardson,The Heiress,Dr. Austin Sloper
,James Whitmore,Battleground,Sgt. Kinnie
"1950
(23rd)",George Sanders,All About Eve,Addison De Witt
,Jeff Chandler,Broken Arrow,Cochise
,Edmund Gwenn,Mister 880,"""Skipper"" Miller"
,Sam Jaffe,The Asphalt Jungle,Dr. Erwin Riedenschneider
,Erich von Stroheim,Sunset Boulevard,Max von Meyerling
"1951
(24th)",Karl Malden,A Streetcar Named Desire,"Harold ""Mitch"" Mitchell"
,Leo Genn,Quo Vadis,Petronius
,Kevin McCarthy,Death of a Salesman,Biff Loman
,Peter Ustinov,Quo Vadis,Nero
,Gig Young,Come Fill the Cup,Boyd Copeland
"1952
(25th)",Anthony Quinn,Viva Zapata!,Eufemio Zapata
,Richard Burton,My Cousin Rachel,Philip Ashley
,Arthur Hunnicutt,The Big Sky,"Zeb Calloway
Narrator"
,Victor McLaglen,The Quiet Man,"Will ""Red"" Danaher"
,Jack Palance,Sudden Fear,Lester Blaine
"1953
(26th)",Frank Sinatra,From Here to Eternity,Pvt. Angelo Maggio
,Eddie Albert,Roman Holiday,Irving Radovich
,Brandon deWilde,Shane,Joey Starrett
,Jack Palance,Shane,Jack Wilson
,Robert Strauss,Stalag 17,"Sgt. Stanislas ""Animal"" Kasava"
"1954
(27th)",Edmond O'Brien,The Barefoot Contessa,Oscar Muldoon
,Lee J. Cobb,On the Waterfront,Johnny Friendly
,Karl Malden,On the Waterfront,Father Barry
,Rod Steiger,On the Waterfront,"Charley ""The Gent"" Malloy"
,Tom Tully,The Caine Mutiny,Commander DeVriess
"1955
(28th)",Jack Lemmon,Mister Roberts,Ens. Frank Thurlowe Pulver
,Arthur Kennedy,Trial,Barney Castle
,Joe Mantell,Marty,Angie
,Sal Mineo,Rebel Without a Cause,"John ""Plato"" Crawford"
,Arthur O'Connell,Picnic,Howard Bevans
"1956
(29th)",Anthony Quinn,Lust for Life,Paul Gauguin
,Don Murray,Bus Stop,"Beauregard ""Bo"" Decker"
,Anthony Perkins,Friendly Persuasion,Josh Birdwell
,Mickey Rooney,The Bold and the Brave,Dooley
,Robert Stack,Written on the Wind,Kyle Hadley
"1957
(30th)",Red Buttons,Sayonara,Airman Joe Kelly
,Vittorio De Sica,A Farewell to Arms,Major Alessandro Rinaldi
,Sessue Hayakawa,The Bridge on the River Kwai,Colonel Saito
,Arthur Kennedy,Peyton Place,Lucas Cross
,Russ Tamblyn,Peyton Place,Norman Page
"1958
(31st)",Burl Ives,The Big Country,Rufus Hannassey
,Theodore Bikel,The Defiant Ones,Sheriff Max Muller
,Lee J. Cobb,The Brothers Karamazov,Fyodor Karamazov
,Arthur Kennedy,Some Came Running,Frank Hirsh
,Gig Young,Teacher's Pet,Dr. Hugo Pine
"1959
(32nd)",Hugh Griffith,Ben-Hur,Sheik Ilderim
,Arthur O'Connell,Anatomy of a Murder,Parnell Emmett McCarthy
,George C. Scott,Anatomy of a Murder,Asst. State Atty. Gen. Claude Dancer
,Robert Vaughn,The Young Philadelphians,"Chester ""Chet"" Gwynn"
,Ed Wynn,The Diary of Anne Frank,Albert Dussell
"1960
(33rd)",Peter Ustinov,Spartacus,Lentulus Batiatus
,Peter Falk,"Murder, Inc.","Abe ""Kid Twist"" Reles"
,Jack Kruschen,The Apartment,Dr. Dreyfuss
,Sal Mineo,Exodus,Dov Landau
,Chill Wills,The Alamo,Beekeeper
"1961
(34th)",George Chakiris,West Side Story,Bernardo Nuñez
,Montgomery Clift,Judgment at Nuremberg,Rudolph Petersen
,Peter Falk,Pocketful of Miracles,Joy Boy
,Jackie Gleason,The Hustler,Minnesota Fats
,George C. Scott [A],The Hustler,Bert Gordon
"1962
(35th)",Ed Begley,Sweet Bird of Youth,"Tom ""Boss"" Finley"
,Victor Buono,What Ever Happened to Baby Jane?,Edwin Flagg
,Telly Savalas,Birdman of Alcatraz,Feto Gomez
,Omar Sharif,Lawrence of Arabia,Sherif Ali ibn el Kharish
,Terence Stamp,Billy Budd,Billy Budd
"1963
(36th)",Melvyn Douglas,Hud,Homer Bannon
,Nick Adams,Twilight of Honor,Ben Brown
,Bobby Darin,"Captain Newman, M.D.",Corporal Jim Tompkins
,Hugh Griffith,Tom Jones,Squire Western
,John Huston,The Cardinal,Cardinal Glennon
"1964
(37th)",Peter Ustinov,Topkapi,Arthur Simon Simpson
,John Gielgud,Becket,Louis VII of France
,Stanley Holloway,My Fair Lady,Alfred Doolittle
,Edmond O'Brien,Seven Days in May,Senator Raymond Clark
,Lee Tracy,The Best Man,President Art Hockstader
"1965
(38th)",Martin Balsam,A Thousand Clowns,Arnold Burns
,Ian Bannen,The Flight of the Phoenix,"""Ratbags"" Crow"
,Tom Courtenay,Doctor Zhivago,Pasha Antipov (Strelnikov)
,Michael Dunn,Ship of Fools,Carl Glocken
,Frank Finlay,Othello,Iago
"1966
(39th)",Walter Matthau,The Fortune Cookie,Willie Gingrich
,Mako,The Sand Pebbles,Po-han
,James Mason,Georgy Girl,James Leamington
,George Segal,Who's Afraid of Virginia Woolf?,Nick
,Robert Shaw,A Man for All Seasons,Henry VIII of England
"1967
(40th)",George Kennedy,Cool Hand Luke,Dragline
,John Cassavetes,The Dirty Dozen,Victor P. Franko
,Gene Hackman,Bonnie and Clyde,Buck Barrow
,Cecil Kellaway,Guess Who's Coming to Dinner,Monsignor Mike Ryan
,Michael J. Pollard,Bonnie and Clyde,C.W. Moss
"1968
(41st)",Jack Albertson,The Subject Was Roses,John Cleary
,Seymour Cassel,Faces,Chet
,Daniel Massey,Star!,Noël Coward
,Jack Wild,Oliver!,The Artful Dodger
,Gene Wilder,The Producers,Leo Bloom
"1969
(42nd)",Gig Young,"They Shoot Horses, Don't They?",Rocky Graver
,Rupert Crosse,The Reivers,Ned McCaslin
,Elliott Gould,Bob & Carol & Ted & Alice,Ted Henderson
,Jack Nicholson,Easy Rider,George Hanson
,Anthony Quayle,Anne of the Thousand Days,Cardinal Wolsey
"1970
(43rd)",John Mills,Ryan's Daughter,Michael
,Richard S. Castellano,Lovers and Other Strangers,Frank Vecchio
,Chief Dan George,Little Big Man,Old Lodge Skins
,Gene Hackman,I Never Sang for My Father,Gene Garrison
,John Marley,Love Story,Phil Cavalleri
"1971
(44th)",Ben Johnson,The Last Picture Show,Sam the Lion
,Jeff Bridges,The Last Picture Show,Duane Jackson
,Leonard Frey,Fiddler on the Roof,Motel Kamzoil
,Richard Jaeckel,Sometimes a Great Notion,Joe Ben Stamper
,Roy Scheider,The French Connection,"Det. Buddy ""Cloudy"" Russo"
"1972
(45th)",Joel Grey,Cabaret,Master of Ceremonies
,Eddie Albert,The Heartbreak Kid,Mr. Corcoran
,James Caan,The Godfather,Sonny Corleone
,Robert Duvall,The Godfather,Tom Hagen
,Al Pacino,The Godfather,Michael Corleone
"1973
(46th)",John Houseman,The Paper Chase,"Charles W. Kingsfield, Jr."
,Vincent Gardenia,Bang the Drum Slowly,Dutch Schnell
,Jack Gilford,Save the Tiger,Phil Greene
,Jason Miller,The Exorcist,Father Damien Karras
,Randy Quaid,The Last Detail,Larry Meadows
"1974
(47th)",Robert De Niro,The Godfather Part II,Vito Corleone
,Fred Astaire,The Towering Inferno,Harlee Claiborne
,Jeff Bridges,Thunderbolt and Lightfoot,Lightfoot
,Michael V. Gazzo,The Godfather Part II,Frank Pentangeli
,Lee Strasberg,The Godfather Part II,Hyman Roth
"1975
(48th)",George Burns,The Sunshine Boys,Al Lewis
,Brad Dourif,One Flew Over the Cuckoo's Nest,Billy Bibbit
,Burgess Meredith,The Day of the Locust,Harry Greener
,Chris Sarandon,Dog Day Afternoon,Leon Shermer
,Jack Warden,Shampoo,Lester Karpf
"1976
(49th)",Jason Robards,All the President's Men,Ben Bradlee
,Ned Beatty,Network,Arthur Jensen
,Burgess Meredith,Rocky,Mickey Goldmill
,Laurence Olivier,Marathon Man,Dr. Christian Szell
,Burt Young,Rocky,Paulie Pennino
"1977
(50th)",Jason Robards,Julia,Dashiell Hammett
,Mikhail Baryshnikov,The Turning Point,Yuri Kopeikine
,Peter Firth,Equus,Alan Strang
,Alec Guinness,Star Wars,Obi-Wan Kenobi
,Maximilian Schell,Julia,Johann
"1978
(51st)",Christopher Walken,The Deer Hunter,"Nikonar ""Nick"" Chevotarevich"
,Bruce Dern,Coming Home,Capt. Bob Hyde
,Richard Farnsworth,Comes a Horseman,Dodger
,John Hurt,Midnight Express,Max
,Jack Warden,Heaven Can Wait,Max Corkle
"1979
(52nd)",Melvyn Douglas,Being There,Benjamin Turnbull Rand
,Robert Duvall,Apocalypse Now,Lt. Col. Bill Kilgore
,Frederic Forrest,The Rose,Houston Dyer
,Justin Henry,Kramer vs. Kramer,Billy Kramer
,Mickey Rooney,The Black Stallion,Henry Dailey
"1980
(53rd)",Timothy Hutton,Ordinary People,Conrad Jarrett
,Judd Hirsch,Ordinary People,Dr. Tyrone C. Berger
,Michael O'Keefe,The Great Santini,Ben Meechum
,Joe Pesci,Raging Bull,Joey LaMotta
,Jason Robards,Melvin and Howard,Howard Hughes
"1981
(54th)",John Gielgud,Arthur,Hobson
,James Coco,Only When I Laugh,Jimmy Perry
,Ian Holm,Chariots of Fire,Sam Mussabini
,Jack Nicholson,Reds,Eugene O'Neill
,Howard Rollins,Ragtime,"Coalhouse Walker, Jr."
"1982
(55th)","Louis Gossett, Jr.",An Officer and a Gentleman,Gunnery Sgt. Emil Foley
,Charles Durning,The Best Little Whorehouse in Texas,Governor
,John Lithgow,The World According to Garp,Roberta Muldoon
,James Mason,The Verdict,Ed Concannon
,Robert Preston,Victor Victoria,"Carroll ""Toddy"" Todd"
"1983
(56th)",Jack Nicholson,Terms of Endearment,Garrett Breedlove
,Charles Durning,To Be or Not to Be,Colonel Erhardt
,John Lithgow,Terms of Endearment,Sam Burns
,Sam Shepard,The Right Stuff,Chuck Yeager
,Rip Torn,Cross Creek,Marsh Turner
"1984
(57th)",Haing S. Ngor,The Killing Fields,Dith Pran
,Adolph Caesar,A Soldier's Story,Sgt. Waters
,John Malkovich,Places in the Heart,Mr. Will
,Pat Morita,The Karate Kid,Kesuke Miyagi
,Ralph Richardson *[58],"Greystoke: The Legend of Tarzan, Lord of the Apes",The Sixth Earl of Greystoke
"1985
(58th)",Don Ameche,Cocoon,Arthur Selwyn
,Klaus Maria Brandauer,Out of Africa,Baron Bror von Blixen-Finecke
,William Hickey,Prizzi's Honor,Don Corrado Prizzi
,Robert Loggia,Jagged Edge,Sam Ransom
,Eric Roberts,Runaway Train,Buck
"1986
(59th)",Michael Caine,Hannah and Her Sisters,Elliott Daniels
,Tom Berenger,Platoon,Sgt. Bob Barnes
,Willem Dafoe,Platoon,Sgt. Elias Grodin
,Denholm Elliott,A Room with a View,Mr. Emerson
,Dennis Hopper,Hoosiers,"Wilbur ""Shooter"" Flatch"
"1987
(60th)",Sean Connery,The Untouchables,Jim Malone
,Albert Brooks,Broadcast News,Aaron Altman
,Morgan Freeman,Street Smart,"Leo ""Fast Black"" Smalls, Jr."
,Vincent Gardenia,Moonstruck,Cosmo Castorini
,Denzel Washington,Cry Freedom,Steve Biko
"1988
(61st)",Kevin Kline,A Fish Called Wanda,Otto West
,Alec Guinness,Little Dorrit,William Dorrit
,Martin Landau,Tucker: The Man and His Dream,Abe Karatz
,River Phoenix,Running on Empty,Danny Pope
,Dean Stockwell,Married to the Mob,"Tony ""The Tiger"" Russo"
"1989
(62nd)",Denzel Washington,Glory,Pvt. Silas Trip
,Danny Aiello,Do the Right Thing,Sal Frangione
,Dan Aykroyd,Driving Miss Daisy,Boolie Werthan
,Marlon Brando,A Dry White Season,Ian Mackenzie
,Martin Landau,Crimes and Misdemeanors,Judah Rosenthal
"1990
(63rd)",Joe Pesci,Goodfellas,Tommy DeVito
,Bruce Davison,Longtime Companion,David
,Andy García,The Godfather Part III,Vincent Mancini
,Graham Greene,Dances with Wolves,Kicking Bird
,Al Pacino,Dick Tracy,"Alphonse ""Big Boy"" Caprice"
"1991
(64th)",Jack Palance,City Slickers,Curly Washburn
,Tommy Lee Jones,JFK,Clay Shaw
,Harvey Keitel,Bugsy,Mickey Cohen
,Ben Kingsley,Bugsy,Meyer Lansky
,Michael Lerner,Barton Fink,Jack Lipnick
"1992
(65th)",Gene Hackman,Unforgiven,Little Bill Daggett
,Jaye Davidson,The Crying Game,Dil
,Jack Nicholson,A Few Good Men,Colonel Nathan R. Jessep
,Al Pacino,Glengarry Glen Ross,"Richard ""Ricky"" Roma"
,David Paymer,Mr. Saturday Night,Stan Young
"1993
(66th)",Tommy Lee Jones,The Fugitive,U.S. Marshal Samuel Gerard
,Leonardo DiCaprio,What's Eating Gilbert Grape,Arnie Grape
,Ralph Fiennes,Schindler's List,Amon Göeth
,John Malkovich,In the Line of Fire,Mitch Leary
,Pete Postlethwaite,In the Name of the Father,Giuseppe Conlon
"1994
(67th)",Martin Landau,Ed Wood,Béla Lugosi
,Samuel L. Jackson,Pulp Fiction,Jules Winnfield
,Chazz Palminteri,Bullets over Broadway,Cheech
,Paul Scofield,Quiz Show,Mark Van Doren
,Gary Sinise,Forrest Gump,Lt. Dan Taylor
"1995
(68th)",Kevin Spacey,The Usual Suspects,"Roger ""Verbal"" Kint"
,James Cromwell,Babe,Farmer Arthur Hoggett
,Ed Harris,Apollo 13,Gene Kranz
,Brad Pitt,12 Monkeys,Jeffrey Goines
,Tim Roth,Rob Roy,Archibald Cunningham
"1996
(69th)",Cuba Gooding Jr.,Jerry Maguire,Rod Tidwell
,William H. Macy,Fargo,Jerry Lundegaard
,Armin Mueller-Stahl,Shine,Peter Helfgott
,Edward Norton,Primal Fear,Aaron Stampler
,James Woods,Ghosts of Mississippi,Byron De La Beckwith
"1997
(70th)",Robin Williams,Good Will Hunting,Dr. Sean Maguire
,Robert Forster,Jackie Brown,Max Cherry
,Anthony Hopkins,Amistad,John Quincy Adams
,Greg Kinnear,As Good as It Gets,Simon Bishop
,Burt Reynolds,Boogie Nights,Jack Horner
"1998
(71st)",James Coburn,Affliction,Glen Whitehouse
,Robert Duvall,A Civil Action,Jerome Facher
,Ed Harris,The Truman Show,Christof
,Geoffrey Rush,Shakespeare in Love,Philip Henslowe
,Billy Bob Thornton,A Simple Plan,Jacob Mitchell
"1999
(72nd)",Michael Caine,The Cider House Rules,Dr. Wilbur Larch
,Tom Cruise,Magnolia,Frank T.J. Mackey
,Michael Clarke Duncan,The Green Mile,John Coffey
,Jude Law,The Talented Mr. Ripley,Dickie Greenleaf
,Haley Joel Osment,The Sixth Sense,Cole Sear
"2000
(73rd)",Benicio del Toro,Traffic,Javier Rodriguez
,Jeff Bridges,The Contender,Jackson Evans
,Willem Dafoe,Shadow of the Vampire,Max Schreck
,Albert Finney,Erin Brockovich,Edward L. Masry
,Joaquin Phoenix,Gladiator,Commodus
"2001
(74th)",Jim Broadbent,Iris,John Bayley
,Ethan Hawke,Training Day,Officer Jake Hoyt
,Ben Kingsley,Sexy Beast,Don Logan
,Ian McKellen,The Lord of the Rings: The Fellowship of the Ring,Gandalf the Grey
,Jon Voight,Ali,Howard Cosell
"2002
(75th)",Chris Cooper,Adaptation.,John Laroche
,Ed Harris,The Hours,"Richard ""Richie"" Brown"
,Paul Newman,Road to Perdition,John Rooney
,John C. Reilly,Chicago,Amos Hart
,Christopher Walken,Catch Me If You Can,"Frank Abagnale, Sr."
"2003
(76th)",Tim Robbins,Mystic River,Dave Boyle
,Alec Baldwin,The Cooler,Shelly Kaplow
,Benicio del Toro,21 Grams,Jack Jordan
,Djimon Hounsou,In America,Mateo
,Ken Watanabe,The Last Samurai,Lord Moritsugu Katsumoto
"2004
(77th)",Morgan Freeman,Million Dollar Baby,"Eddie ""Scrap-Iron"" Dupris"
,Alan Alda,The Aviator,Owen Brewster
,Thomas Haden Church,Sideways,Jack Cole
,Jamie Foxx,Collateral,Max Durocher
,Clive Owen,Closer,Larry Gray
"2005
(78th)",George Clooney,Syriana,Robert Barnes
,Matt Dillon,Crash,Officer John Ryan
,Paul Giamatti,Cinderella Man,Joe Gould
,Jake Gyllenhaal,Brokeback Mountain,Jack Twist
,William Hurt,A History of Violence,Richie Cusack
"2006
(79th)",Alan Arkin,Little Miss Sunshine,Edwin Hoover
,Jackie Earle Haley,Little Children,Ronald James McGorvey
,Djimon Hounsou,Blood Diamond,Solomon Vandy
,Eddie Murphy,Dreamgirls,"James ""Thunder"" Early"
,Mark Wahlberg,The Departed,Staff Sgt. Sean Dignam
"2007
(80th)",Javier Bardem,No Country for Old Men,Anton Chigurh
,Casey Affleck,The Assassination of Jesse James by the Coward Robert Ford,Robert Ford
,Philip Seymour Hoffman,Charlie Wilson's War,Gust Avrakotos
,Hal Holbrook,Into the Wild,Ron Franz
,Tom Wilkinson,Michael Clayton,Arthur Edens
"2008
(81st)",Heath Ledger ^[8],The Dark Knight,The Joker
,Josh Brolin,Milk,Dan White
,Robert Downey Jr.,Tropic Thunder,Kirk Lazarus
,Philip Seymour Hoffman,Doubt,Father Brendan Flynn
,Michael Shannon,Revolutionary Road,"John Givings, Jr."
"2009
(82nd)",Christoph Waltz,Inglourious Basterds,Col. Hans Landa
,Matt Damon,Invictus,Francois Pienaar
,Woody Harrelson,The Messenger,Capt. Tony Stone
,Christopher Plummer,The Last Station,Leo Tolstoy
,Stanley Tucci,The Lovely Bones,George Harvey
"2010
(83rd)",Christian Bale,The Fighter,Dicky Eklund
,John Hawkes,Winter's Bone,Teardrop Dolly
,Jeremy Renner,The Town,"James ""Jem"" Coughlin"
,Mark Ruffalo,The Kids Are All Right,Paul Hatfield
,Geoffrey Rush,The King's Speech,Lionel Logue
"2011
(84th)",Christopher Plummer,Beginners,Hal Fields
,Kenneth Branagh,My Week with Marilyn,Laurence Olivier
,Jonah Hill,Moneyball,Peter Brand
,Nick Nolte,Warrior,Paddy Conlon
,Max von Sydow,Extremely Loud and Incredibly Close,The Renter
"2012
(85th)",Christoph Waltz,Django Unchained,Dr. King Schultz
,Alan Arkin,Argo,Lester Siegel
,Robert De Niro,Silver Linings Playbook,"Patrizio ""Pat"" Solitano, Sr."
,Philip Seymour Hoffman,The Master,Lancaster Dodd
,Tommy Lee Jones,Lincoln,Thaddeus Stevens
"2013
(86th)",Jared Leto,Dallas Buyers Club,Rayon
,Barkhad Abdi,Captain Phillips,Abduwali Muse
,Bradley Cooper,American Hustle,"Richard ""Richie"" DiMaso"
,Michael Fassbender,12 Years a Slave,Edwin Epps
,Jonah Hill,The Wolf of Wall Street,Donnie Azoff
"2014
(87th)",J. K. Simmons,Whiplash,Terence Fletcher
,Robert Duvall,The Judge,Joseph Palmer
,Ethan Hawke,Boyhood,"Mason Evans, Sr."
,Edward Norton,Birdman,Mike Shiner
,Mark Ruffalo,Foxcatcher,David Schultz
"2015
(88th)",Mark Rylance,Bridge of Spies,Rudolf Abel
,Christian Bale,The Big Short,Michael Burry
,Tom Hardy,The Revenant,John Fitzgerald
,Mark Ruffalo,Spotlight,Michael Rezendes
,Sylvester Stallone,Creed,Rocky Balboa
"2016
(88th)",Mahershala Ali,Moonlight,Juan
,Jeff Bridges,Hell or High Water,Marcus Hamilton
,Lucas Hedges,Manchester by the Sea,Patrick Chandler
,Dev Patel,Lion,Saroo Brierley
,Michael Shannon,Nocturnal Animals,Bobby Andes
"1936
(9th)",Gale Sondergaard,Anthony Adverse,Faith Paleologus
,Beulah Bondi,The Gorgeous Hussy,Rachel Jackson
,Alice Brady,My Man Godfrey,Angelica Bullock
,Bonita Granville,These Three,Mary Tilford
,Maria Ouspenskaya,Dodsworth,Baroness von Obersdorf
"1937
(10th)",Alice Brady,In Old Chicago,Molly O'Leary
,Andrea Leeds,Stage Door,Kay Hamilton
,Anne Shirley,Stella Dallas,"Laurel ""Lollie"" Dallas"
,Claire Trevor,Dead End,Francey
,May Whitty,Night Must Fall,Mrs. Bramson
"1938
(11th)",Fay Bainter,Jezebel,Belle Massey
,Beulah Bondi,Of Human Hearts,Mary Wilkins
,Billie Burke,Merrily We Live,Emily Kilbourne
,Spring Byington,You Can't Take It with You,"Penelope ""Penny"" Vanderhof-Sycamore"
,Miliza Korjus,The Great Waltz,Carla Donner
"1939
(12th)",Hattie McDaniel,Gone with the Wind,Mammy
,Olivia de Havilland,Gone with the Wind,Melanie Hamilton
,Geraldine Fitzgerald,Wuthering Heights,Isabella Linton
,Edna May Oliver,Drums Along the Mohawk,Sarah McKlennar
,Maria Ouspenskaya,Love Affair,Grandmother Janou
"1940
(13th)",Jane Darwell,The Grapes of Wrath,Ma Joad
,Judith Anderson,Rebecca,Mrs. Danvers
,Ruth Hussey,The Philadelphia Story,Elizabeth Imbrie
,Barbara O'Neil,"All This, and Heaven Too","Francoise, Duchess de Praslin"
,Marjorie Rambeau,Primrose Path,Mamie Adams
"1941
(14th)",Mary Astor,The Great Lie,Sandra Kovak
,Sara Allgood,How Green Was My Valley,Beth Morgan
,Patricia Collinge,The Little Foxes,Birdie Bagtry-Hubbard
,Teresa Wright,,Alexandra Giddens
,Margaret Wycherly,Sergeant York,Mary Brooks-York
"1942
(15th)",Teresa Wright,Mrs. Miniver,Carol Beldon
,Gladys Cooper,"Now, Voyager",Mrs. Vale
,Agnes Moorehead,The Magnificent Ambersons,Fanny Minafer
,Susan Peters,Random Harvest,Kitty Chilcet
,May Whitty,Mrs. Miniver,Lady Beldon
"1943
(16th)",Katina Paxinou,For Whom the Bell Tolls,Pilar
,Gladys Cooper,The Song of Bernadette,Marie Therese Vauzou
,Paulette Goddard,So Proudly We Hail!,Joan O'Doul
,Anne Revere,The Song of Bernadette,Louise Casterot-Soubirous
,Lucile Watson,Watch on the Rhine,Fanny Farrelly
"1944
(17th)",Ethel Barrymore,None but the Lonely Heart,Ma Mott
,Jennifer Jones,Since You Went Away,Jane Deborah Hilton
,Angela Lansbury,Gaslight,Nancy Oliver
,Aline MacMahon,Dragon Seed,Ling Tan's Wife
,Agnes Moorehead,Mrs. Parkington,Aspasia Conti
"1945
(18th)",Anne Revere,National Velvet,Araminty Brown
,Eve Arden,Mildred Pierce,Ida Corwin
,Ann Blyth,,Veda Pierce
,Angela Lansbury,The Picture of Dorian Gray,Sibyl Vane
,Joan Lorring,The Corn is Green,Bessie Watty
"1946
(19th)",Anne Baxter,The Razor's Edge,Sophie Nelson-MacDonald
,Ethel Barrymore,The Spiral Staircase,Mrs. Warren
,Lillian Gish,Duel in the Sun,Laura Belle McCanles
,Flora Robson,Saratoga Trunk,Angelique Buiton
,Gale Sondergaard,Anna and the King of Siam,Lady Thiang
"1947
(20th)",Celeste Holm,Gentleman's Agreement,Anne Dettrey
,Ethel Barrymore,The Paradine Case,Sophie Horfield
,Gloria Grahame,Crossfire,Ginny Tremaine
,Marjorie Main,The Egg and I,Ma Kettle
,Anne Revere,Gentleman's Agreement,Mrs. Green
"1948
(21st)",Claire Trevor,Key Largo,Gaye Dawn
,Barbara Bel Geddes,I Remember Mama,Katrin Hanson
,Ellen Corby,,Trina
,Agnes Moorehead,Johnny Belinda,Aggie McDonald
,Jean Simmons,Hamlet,Ophelia
"1949
(22nd)",Mercedes McCambridge,All the King's Men,Sadie Burke
,Ethel Barrymore,Pinky,Miss Em
,Celeste Holm,Come to the Stable,Sister Scholastica
,Elsa Lanchester,,Amelia Potts
,Ethel Waters,Pinky,Dicey Johnson
"1950
(23rd)",Josephine Hull,Harvey,Veta Louise Simmons
,Hope Emerson,Caged,Evelyn Harper
,Celeste Holm,All About Eve,Karen Richards
,Nancy Olson,Sunset Boulevard,Betty Schaefer
,Thelma Ritter,All About Eve,Birdie Kumen
"1951
(24th)",Kim Hunter,A Streetcar Named Desire,Stella Kowalski
,Joan Blondell,The Blue Veil,Annie Rawlins
,Mildred Dunnock,Death of a Salesman,Linda Loman
,Lee Grant,Detective Story,The Shoplifter
,Thelma Ritter,The Mating Season,Ellen McNulty
"1952
(25th)",Gloria Grahame,The Bad and the Beautiful,Rosemary Bartlow
,Jean Hagen,Singin' in the Rain,Lina Lamont
,Colette Marchand,Moulin Rouge,Marie Charlet
,Terry Moore,"Come Back, Little Sheba",Marie Buckholder
,Thelma Ritter,With a Song in My Heart,Clancy
"1953
(26th)",Donna Reed,From Here to Eternity,Alma Burke/Lorene
,Grace Kelly,Mogambo,Linda Nordley
,Geraldine Page,Hondo,Angie Lowe
,Marjorie Rambeau,Torch Song,Mrs. Stewart
,Thelma Ritter,Pickup on South Street,Moe Williams
"1954
(27th)",Eva Marie Saint,On the Waterfront,Edie Doyle
,Nina Foch,Executive Suite,Erica Martin
,Katy Jurado,Broken Lance,Señora Devereaux
,Jan Sterling,The High and the Mighty,Sally McKee
,Claire Trevor,,May Holst
"1955
(28th)",Jo Van Fleet,East of Eden,Cathy Ames/Kate Trask
,Betsy Blair,Marty,Clara Snyder
,Peggy Lee,Pete Kelly's Blues,Rose Hopkins
,Marisa Pavan,The Rose Tattoo,Rosa Delle Rose
,Natalie Wood,Rebel Without a Cause,Judy
"1956
(29th)",Dorothy Malone,Written on the Wind,Marylee Hadley
,Mildred Dunnock,Baby Doll,Rose Comfort
,Eileen Heckart,The Bad Seed,Hortense Daigle
,Mercedes McCambridge,Giant,Luz Benedict
,Patty McCormack,The Bad Seed,Rhoda Penmark
"1957
(30th)",Miyoshi Umeki,Sayonara,Katsumi Kelly
,Carolyn Jones,The Bachelor Party,The Existentialist
,Elsa Lanchester,Witness for the Prosecution,Miss Plimsoll
,Hope Lange,Peyton Place,Selena Cross
,Diane Varsi,,Allison MacKenzie
"1958
(31st)",Wendy Hiller,Separate Tables,Pat Cooper
,Peggy Cass,Auntie Mame,Agnes Gooch
,Martha Hyer,Some Came Running,Gwen French
,Maureen Stapleton,Lonelyhearts,Fay Doyle
,Cara Williams,The Defiant Ones,Billy's Mother
"1959
(32nd)",Shelley Winters,The Diary of Anne Frank,Petronella van Daan
,Hermione Baddeley,Room at the Top,Elspeth
,Susan Kohner,Imitation of Life,Sarah Jane Johnson
,Juanita Moore,,Annie Johnson
,Thelma Ritter,Pillow Talk,Alma
"1960
(33rd)",Shirley Jones,Elmer Gantry,Lulu Baines
,Glynis Johns,The Sundowners,Mrs. Firth
,Shirley Knight,The Dark at the Top of the Stairs,Reenie Flood
,Janet Leigh,Psycho,Marion Crane
,Mary Ure,Sons and Lovers,Clara Dawes
"1961
(34th)",Rita Moreno,West Side Story,Anita del Carmen
,Fay Bainter,The Children's Hour,Amelia Tilford
,Judy Garland,Judgment at Nuremberg,Irene Hoffman-Wallner
,Lotte Lenya,The Roman Spring of Mrs. Stone,Magda Terribili-Gonzales
,Una Merkel,Summer and Smoke,Mrs. Winemiller
"1962
(35th)",Patty Duke,The Miracle Worker,Helen Keller
,Mary Badham,To Kill a Mockingbird,"Jean Louise ""Scout"" Finch"
,Shirley Knight,Sweet Bird of Youth,Heavenly Finley
,Angela Lansbury,The Manchurian Candidate,Eleanor Iselin
,Thelma Ritter,Birdman of Alcatraz,Elizabeth McCartney-Stroud
"1963
(36th)",Margaret Rutherford,The V.I.P.s,The Duchess of Brighton
,Diane Cilento,Tom Jones,Molly Seagrim
,Edith Evans,,Miss Western
,Joyce Redman,,Mrs. Waters/Jenny Jones
,Lilia Skala,Lilies of the Field,Mother Maria Marthe
"1964
(37th)",Lila Kedrova,Zorba the Greek,Madame Hortense
,Gladys Cooper,My Fair Lady,Mrs. Higgins
,Edith Evans,The Chalk Garden,Mrs. St. Maugham
,Grayson Hall,The Night of the Iguana,Judith Fellowes
,Agnes Moorehead,"Hush… Hush, Sweet Charlotte",Velma Cruther
"1965
(38th)",Shelley Winters,A Patch of Blue,Rose-ann D'Arcey
,Ruth Gordon,Inside Daisy Clover,Lucile Clover/The Dealer
,Joyce Redman,Othello,Emilia
,Maggie Smith,,Desdemona
,Peggy Wood,The Sound of Music,"Virgilia, Mother Abbess"
"1966
(39th)",Sandy Dennis,Who's Afraid of Virginia Woolf?,Honey
,Wendy Hiller,A Man for All Seasons,Alice More
,Jocelyne LaGarde,Hawaii,Malama Kanakoa
,Vivien Merchant,Alfie,Lily Clamacraft
,Geraldine Page,You're a Big Boy Now,Margery Chanticleer
"1967
(40th)",Estelle Parsons,Bonnie and Clyde,Blanche Barrow
,Carol Channing,Thoroughly Modern Millie,Muzzy van Hossmere
,Mildred Natwick,Barefoot in the Park,Ethel Banks
,Beah Richards,Guess Who's Coming to Dinner,Mary Prentice
,Katharine Ross,The Graduate,Elaine Robinson
"1968
(41st)",Ruth Gordon,Rosemary's Baby,Minnie Castevet
,Lynn Carlin,Faces,Maria Forst
,Sondra Locke,The Heart Is a Lonely Hunter,Mick Kelly
,Kay Medford,Funny Girl,Rose Stern-Borach
,Estelle Parsons,"Rachel, Rachel",Calla Mackie
"1969
(42nd)",Goldie Hawn,Cactus Flower,Toni Simmons
,Catherine Burns,Last Summer,Rhoda
,Dyan Cannon,Bob & Carol & Ted & Alice,Alice Henderson
,Sylvia Miles,Midnight Cowboy,Cass
,Susannah York,"They Shoot Horses, Don't They?",Alice LeBlanc
"1970
(43rd)",Helen Hayes,Airport,Ada Quonsett
,Karen Black,Five Easy Pieces,Rayette Dipesto
,Lee Grant,The Landlord,Joyce Enders
,Sally Kellerman,MASH,Margaret O'Houlihan
,Maureen Stapleton,Airport,Inez Guerrero
"1971
(44th)",Cloris Leachman,The Last Picture Show,Ruth Popper
,Ann-Margret,Carnal Knowledge,Bobbie
,Ellen Burstyn,The Last Picture Show,Lois Farrow
,Barbara Harris,Who Is Harry Kellerman and Why Is He Saying Those Terrible Things About Me?,Allison Densmore
,Margaret Leighton,The Go-Between,Mrs. Maudsley
"1972
(45th)",Eileen Heckart,Butterflies Are Free,Mrs. Baker
,Jeannie Berlin,The Heartbreak Kid,Lila Kolodny
,Geraldine Page,Pete 'n' Tillie,Gertrude Wilson
,Susan Tyrrell,Fat City,Oma Lee Greer
,Shelley Winters,The Poseidon Adventure,Belle Rosen
"1973
(46th)",Tatum O'Neal,Paper Moon,Addie Loggins
,Linda Blair,The Exorcist,Regan MacNeil
,Candy Clark,American Graffiti,Debbie Dunham
,Madeline Kahn,Paper Moon,Trixie Delight
,Sylvia Sidney,"Summer Wishes, Winter Dreams",Mrs. Pritchett
"1974
(47th)",Ingrid Bergman,Murder on the Orient Express,Greta Ohlsson
,Valentina Cortese,Day for Night,Séverine
,Madeline Kahn,Blazing Saddles,Lili von Shtupp
,Diane Ladd,Alice Doesn't Live Here Anymore,"Florence ""Flo"" Castleberry"
,Talia Shire,The Godfather Part II,Connie Corleone
"1975
(48th)",Lee Grant,Shampoo,Felicia Karpf
,Ronee Blakley,Nashville,Barbara Jean
,Sylvia Miles,"Farewell, My Lovely",Jessie Halstead Florian
,Lily Tomlin,Nashville,Linnea Reese
,Brenda Vaccaro,Jacqueline Susann's Once Is Not Enough,Linda Riggs
"1976
(49th)",Beatrice Straight,Network,Louise Schumacher
,Jane Alexander,All the President's Men,Judy Hoback
,Jodie Foster,Taxi Driver,Iris Steensma
,Lee Grant,Voyage of the Damned,Lillian Rosen
,Piper Laurie,Carrie,Margaret White
"1977
(50th)",Vanessa Redgrave,Julia,Julia
,Leslie Browne,The Turning Point,Emilia Rodgers
,Quinn Cummings,The Goodbye Girl,Lucy McFadden
,Melinda Dillon,Close Encounters of the Third Kind,Jillian Guiler
,Tuesday Weld,Looking for Mr. Goodbar,Katherine Dunn
"1978
(51st)",Maggie Smith,California Suite,Diane Barrie
,Dyan Cannon,Heaven Can Wait,Julia Farnsworth
,Penelope Milford,Coming Home,Vi Munson
,Maureen Stapleton,Interiors,Pearl
,Meryl Streep,The Deer Hunter,Linda
"1979
(52nd)",Meryl Streep,Kramer vs. Kramer,Joanna Stern-Kramer
,Jane Alexander,Kramer vs. Kramer,Margaret Phelps
,Barbara Barrie,Breaking Away,Evelyn Stoller
,Candice Bergen,Starting Over,Jessica Potter
,Mariel Hemingway,Manhattan,Tracy
"1980
(53rd)",Mary Steenburgen,Melvin and Howard,Lynda West-Dummar
,Eileen Brennan,Private Benjamin,Doreen Lewis
,Eva Le Gallienne,Resurrection,Pearl
,Cathy Moriarty,Raging Bull,Vicki Thailer-LaMotta
,Diana Scarwid,Inside Moves,Louise
"1981
(54th)",Maureen Stapleton,Reds,Emma Goldman
,Melinda Dillon,Absence of Malice,Teresa Perrone
,Jane Fonda,On Golden Pond,Chelsea Thayer Wayne
,Joan Hackett,Only When I Laugh,Toby Landau
,Elizabeth McGovern,Ragtime,Evelyn Nesbit
"1982
(55th)",Jessica Lange,Tootsie,Julie Nichols
,Glenn Close,The World According to Garp,Jenny Fields
,Teri Garr,Tootsie,Sandy Lester
,Kim Stanley,Frances,Lillian Farmer
,Lesley Ann Warren,Victor Victoria,Norma Cassady
"1983
(56th)",Linda Hunt,The Year of Living Dangerously,Billy Kwan
,Cher,Silkwood,Dolly Pelliker
,Glenn Close,The Big Chill,Sarah Cooper
,Amy Irving,Yentl,Hadass Vishkower
,Alfre Woodard,Cross Creek,"Beatrice ""Geechee"""
"1984
(57th)",Peggy Ashcroft,A Passage to India,Mrs. Moore
,Glenn Close,The Natural,Iris Gaines
,Lindsay Crouse,Places in the Heart,Margaret Lomax
,Christine Lahti,Swing Shift,Hazel Zanussi
,Geraldine Page,The Pope of Greenwich Village,Mrs. Ritter
"1985
(58th)",Anjelica Huston,Prizzi's Honor,Maerose Prizzi
,Margaret Avery,The Color Purple,Shug Avery
,Amy Madigan,Twice in a Lifetime,Sunny MacKenzie-Sobel
,Meg Tilly,Agnes of God,Sister Agnes Devereaux
,Oprah Winfrey,The Color Purple,Sofia Johnson
"1986
(59th)",Dianne Wiest,Hannah and Her Sisters,Holly
,Tess Harper,Crimes of the Heart,Chick Boyle
,Piper Laurie,Children of a Lesser God,Mrs. Norman
,Mary Elizabeth Mastrantonio,The Color of Money,Carmen
,Maggie Smith,A Room with a View,Charlotte Bartlett
"1987
(60th)",Olympia Dukakis,Moonstruck,Rose Castorini
,Norma Aleandro,Gaby: A True Story,Florencia Sánchez Morales
,Anne Archer,Fatal Attraction,Beth Rogerson-Gallagher
,Anne Ramsey,Throw Momma from the Train,Mrs. Lift
,Ann Sothern,The Whales of August,Letitia Benson-Doughty
"1988
(61st)",Geena Davis,The Accidental Tourist,Muriel Pritchett
,Joan Cusack,Working Girl,Cyn
,Frances McDormand,Mississippi Burning,Mrs. Pell
,Michelle Pfeiffer,Dangerous Liaisons,Madame Marie de Tourvel
,Sigourney Weaver,Working Girl,Katharine Parker
"1989
(62nd)",Brenda Fricker,My Left Foot,Bridget Fagan-Brown
,Anjelica Huston,"Enemies, A Love Story",Tamara Broder
,Lena Olin,,Masha Bloch
,Julia Roberts,Steel Magnolias,Shelby Eatenton-Latcherie
,Dianne Wiest,Parenthood,Helen Buckman
"1990
(63rd)",Whoopi Goldberg,Ghost,Oda Mae Brown
,Annette Bening,The Grifters,Myra Langtry
,Lorraine Bracco,Goodfellas,Karen Friedman-Hill
,Diane Ladd,Wild at Heart,Marietta Pace Fortune
,Mary McDonnell,Dances with Wolves,Stands With a Fist
"1991
(64th)",Mercedes Ruehl,The Fisher King,Anne Napolitano
,Diane Ladd,Rambling Rose,Mrs. Hillyer
,Juliette Lewis,Cape Fear,Danielle Bowden
,Kate Nelligan,The Prince of Tides,Lila Wingo-Newbury
,Jessica Tandy,Fried Green Tomatoes,"Virginia ""Ninny"" Threadgoode"
"1992
(65th)",Marisa Tomei,My Cousin Vinny,Mona Lisa Vito
,Judy Davis,Husbands and Wives,Sally
,Joan Plowright,Enchanted April,Mrs. Fisher
,Vanessa Redgrave,Howards End,Ruth Wilcox
,Miranda Richardson,Damage,Ingrid Thompson-Fleming
"1993
(66th)",Anna Paquin,The Piano,Flora McGrath
,Holly Hunter,The Firm,"Tamara ""Tammy"" Hemphill"
,Rosie Perez,Fearless,Carla Rodrigo
,Winona Ryder,The Age of Innocence,May Welland
,Emma Thompson,In the Name of the Father,Gareth Peirce
"1994
(67th)",Dianne Wiest,Bullets over Broadway,Helen Sinclair
,Rosemary Harris,Tom & Viv,Rose Haigh-Wood
,Helen Mirren,The Madness of King George,Queen Charlotte
,Uma Thurman,Pulp Fiction,Mia Wallace
,Jennifer Tilly,Bullets over Broadway,Olive Neal
"1995
(68th)",Mira Sorvino,Mighty Aphrodite,Leslie/Linda Ash
,Joan Allen,Nixon,Pat Nixon
,Kathleen Quinlan,Apollo 13,Marilyn Lovell
,Mare Winningham,Georgia,Georgia Flood
,Kate Winslet,Sense and Sensibility,Marianne Dashwood
"1996
(69th)",Juliette Binoche,The English Patient,Hana
,Joan Allen,The Crucible,Elizabeth Proctor
,Lauren Bacall,The Mirror Has Two Faces,Hannah Morgan
,Barbara Hershey,The Portrait of a Lady,Madame Serena Merle
,Marianne Jean-Baptiste,Secrets & Lies,Hortense Cumberbatch
"1997
(70th)",Kim Basinger,L.A. Confidential,Lynn Margaret Bracken
,Joan Cusack,In & Out,Emily Montgomery
,Minnie Driver,Good Will Hunting,Skylar Satenstein
,Julianne Moore,Boogie Nights,Amber Waves/Maggie
,Gloria Stuart,Titanic,Rose Dawson Calvert
"1998
(71st)",Judi Dench,Shakespeare in Love,Queen Elizabeth I
,Kathy Bates,Primary Colors,Libby Holden
,Brenda Blethyn,Little Voice,Mari Hoff
,Rachel Griffiths,Hilary and Jackie,Hilary du Pré
,Lynn Redgrave,Gods and Monsters,Hanna
"1999
(72nd)",Angelina Jolie,"Girl, Interrupted",Lisa Rowe
,Toni Collette,The Sixth Sense,Lynn Sear
,Catherine Keener,Being John Malkovich,Maxine Lund
,Samantha Morton,Sweet and Lowdown,Hattie
,Chloë Sevigny,Boys Don't Cry,Lana Tisdel
"2000
(73rd)",Marcia Gay Harden,Pollock,Lee Krasner
,Judi Dench,Chocolat,Armande Voizin
,Kate Hudson,Almost Famous,Penny Lane
,Frances McDormand,,Elaine Miller
,Julie Walters,Billy Elliot,Georgia Wilkinson
"2001
(74th)",Jennifer Connelly,A Beautiful Mind,Alicia de Lardé-Nash
,Helen Mirren,Gosford Park,Jane Wilson
,Maggie Smith,,Constance Trentham
,Marisa Tomei,In the Bedroom,Natalie Strout
,Kate Winslet,Iris,Iris Murdoch
"2002
(75th)",Catherine Zeta-Jones,Chicago,Velma Kelly
,Kathy Bates,About Schmidt,Roberta Hertzel
,Julianne Moore,The Hours,Laura McGrath-Brown
,Queen Latifah,Chicago,Matron Mama Morton
,Meryl Streep,Adaptation,Susan Orlean
"2003
(76th)",Renée Zellweger,Cold Mountain,Ruby Thewes
,Shohreh Aghdashloo,House of Sand and Fog,Nadereh Behrani
,Patricia Clarkson,Pieces of April,Joy Burns
,Marcia Gay Harden,Mystic River,Celeste Samarco-Boyle
,Holly Hunter,Thirteen,Melanie Freeland
"2004
(77th)",Cate Blanchett,The Aviator,Katharine Hepburn
,Laura Linney,Kinsey,Clara McMillen
,Virginia Madsen,Sideways,Maya Randall
,Sophie Okonedo,Hotel Rwanda,Tatiana Rusesabagina
,Natalie Portman,Closer,Jane Jones/Alice Ayres
"2005
(78th)",Rachel Weisz,The Constant Gardener,Tessa Abbott-Quayle
,Amy Adams,Junebug,Ashley Johnsten
,Catherine Keener,Capote,Nelle Harper Lee
,Frances McDormand,North Country,Glory Dodge
,Michelle Williams,Brokeback Mountain,Alma Beers-Del Mar
"2006
(79th)",Jennifer Hudson,Dreamgirls,Effie Melody White
,Adriana Barraza,Babel,Amelia Hernández
,Cate Blanchett,Notes on a Scandal,"Bathsheba ""Sheba"" Hart"
,Abigail Breslin,Little Miss Sunshine,Olive Hoover
,Rinko Kikuchi,Babel,Chieko Wataya
"2007
(80th)",Tilda Swinton,Michael Clayton,Karen Crowder
,Cate Blanchett,I'm Not There,Jude Quinn
,Ruby Dee,American Gangster,Mahalee Lucas
,Saoirse Ronan,Atonement,Briony Tallis
,Amy Ryan,Gone Baby Gone,Helene McCready
"2008
(81st)",Penélope Cruz,Vicky Cristina Barcelona,María Elena
,Amy Adams,Doubt,Sister Marita James
,Viola Davis,,Mrs. Miller
,Taraji P. Henson,The Curious Case of Benjamin Button,Queenie
,Marisa Tomei,The Wrestler,Cassidy/Pam
"2009
(82nd)",Mo'Nique,Precious,Mary Lee Johnston
,Penélope Cruz,Nine,Carla Albanese
,Vera Farmiga,Up in the Air,Alex Goran
,Maggie Gyllenhaal,Crazy Heart,Jean Craddock
,Anna Kendrick,Up in the Air,Natalie Keener
"2010
(83rd)",Melissa Leo,The Fighter,Alice Eklund-Ward
,Amy Adams,The Fighter,Charlene Fleming
,Helena Bonham Carter,The King's Speech,The Queen Mother
,Hailee Steinfeld,True Grit,Mattie Ross
,Jacki Weaver,Animal Kingdom,"Janine ""Smurf"" Cody"
"2011
(84th)",Octavia Spencer,The Help,Minny Jackson
,Bérénice Bejo,The Artist,Peppy Miller
,Jessica Chastain,The Help,Celia Rae Foote
,Melissa McCarthy,Bridesmaids,Megan Price
,Janet McTeer,Albert Nobbs,Hubert Page
"2012
(85th)",Anne Hathaway,Les Misérables,Fantine
,Amy Adams,The Master,"Margaret ""Peggy"" Dodd"
,Sally Field,Lincoln,Mary Todd Lincoln
,Helen Hunt,The Sessions,Cheryl Cohen-Greene
,Jacki Weaver,Silver Linings Playbook,Dolores Solitano
"2013
(86th)",Lupita Nyong'o,12 Years a Slave,Patsey
,Sally Hawkins,Blue Jasmine,Ginger
,Jennifer Lawrence,American Hustle,Rosalyn Rosenfeld
,Julia Roberts,August: Osage County,Barbara Weston-Fordham
,June Squibb,Nebraska,Kate Grant
"2014
(87th)",Patricia Arquette,Boyhood,Olivia Evans
,Laura Dern,Wild,Bobbi Grey
,Keira Knightley,The Imitation Game,Joan Clarke
,Emma Stone,Birdman,Sam Thomson
,Meryl Streep,Into the Woods,The Witch
"2015
(88th)",Alicia Vikander,The Danish Girl,Gerda Wegener
,Jennifer Jason Leigh,The Hateful Eight,Daisy Domergue
,Rooney Mara,Carol,Therese Belivet
,Rachel McAdams,Spotlight,Sacha Pfeiffer
,Kate Winslet,Steve Jobs,Joanna Hoffman
"2016
(89th)",Viola Davis,Fences,Rose Lee Maxson
,Naomie Harris,Moonlight,Paula
,Nicole Kidman,Lion,Sue Brierley
,Octavia Spencer,Hidden Figures,Dorothy Vaughan
,Michelle Williams,Manchester by the Sea,Randi
"1927/28
(1st)",Janet Gaynor,"7th Heaven
Street Angel
Sunrise: A Song of Two Humans","Diane
Angela
The Wife"
,Louise Dresser,A Ship Comes In,Mrs. Pleznik
,Gloria Swanson,Sadie Thompson,Sadie Thompson
"1928/29
(2nd)",Mary Pickford,Coquette,Norma Besant
,Ruth Chatterton,Madame X,Jacqueline Floriot
,Betty Compson,The Barker,Carrie
,Jeanne Eagels,The Letter,Leslie Crosbie
,Corinne Griffith,The Divine Lady,Emma Hamilton
,Bessie Love,The Broadway Melody,Hank Mahoney
"1929/30
(3rd)",Norma Shearer [A],The Divorcee,Jerry Bernard Martin
,Nancy Carroll,The Devil's Holiday,Hallie Hobart
,Ruth Chatterton,Sarah and Son,Sarah Storm
,Greta Garbo [A],"Anna Christie
Romance","Anna Christie
Madame Rita Cavallini"
,Norma Shearer,Their Own Desire,Lucia Marlett
,Gloria Swanson,The Trespasser,Marion Donnell
"1930/31
(4th)",Marie Dressler,Min and Bill,Min Divot
,Marlene Dietrich,Morocco,Mademoiselle Amy Jolly
,Irene Dunne,Cimarron,Sabra Cravat
,Ann Harding,Holiday,Linda Seton
,Norma Shearer,A Free Soul,Jan Ashe
"1931/32
(5th)",Helen Hayes,The Sin of Madelon Claudet,Madelon Claudet
,Marie Dressler,Emma,Emma Thatcher Smith
,Lynn Fontanne,The Guardsman,The Actress
"1932/33
(6th)",Katharine Hepburn,Morning Glory,Eva Lovelace
,May Robson,Lady for a Day,Apple Annie
,Diana Wynyard,Cavalcade,Jane Marryot
"1934
(7th)",Claudette Colbert,It Happened One Night,Ellie Andrews
,Grace Moore,One Night of Love,Mary Barrett
,Norma Shearer,The Barretts of Wimpole Street,Elizabeth Barrett
,Bette Davis [B],Of Human Bondage,Mildred Rogers
"1935
(8th)",Bette Davis,Dangerous,Joyce Heath
,Elisabeth Bergner,Escape Me Never,Gemma Jones
,Claudette Colbert,Private Worlds,Jane Everest
,Katharine Hepburn,Alice Adams,Alice Adams
,Miriam Hopkins,Becky Sharp,Becky Sharp
,Merle Oberon,The Dark Angel,Kitty Vane
"1936
(9th)",Luise Rainer,The Great Ziegfeld,Anna Held
,Irene Dunne,Theodora Goes Wild,Theodora Lynn
,Gladys George,Valiant Is the Word for Carrie,Carrie Snyder
,Carole Lombard,My Man Godfrey,Irene Bullock
,Norma Shearer,Romeo and Juliet,Juliet Capulet
"1937
(10th)",Luise Rainer,The Good Earth,O-Lan
,Irene Dunne,The Awful Truth,Lucy Warriner
,Greta Garbo,Camille,Marguerite Gautier
,Janet Gaynor,A Star Is Born,Esther Victoria Blodgett / Vicki Lester
,Barbara Stanwyck,Stella Dallas,Stella Martin Dallas
"1938
(11th)",Bette Davis,Jezebel,Julie Marsden
,Fay Bainter,White Banners,Hannah Parmalee
,Wendy Hiller,Pygmalion,Eliza Doolittle
,Norma Shearer,Marie Antoinette,Marie Antoinette
,Margaret Sullavan,Three Comrades,Patricia 'Pat' Hollmann
"1939
(12th)",Vivien Leigh,Gone with the Wind,Scarlett O'Hara
,Bette Davis,Dark Victory,Judith Traherne
,Irene Dunne,Love Affair,Terry McKay
,Greta Garbo,Ninotchka,Nina Yakushova 'Ninotchka' Ivanoff
,Greer Garson,"Goodbye, Mr. Chips",Katherine Bridges
"1940
(13th)",Ginger Rogers,Kitty Foyle,Kitty Foyle
,Bette Davis,The Letter,Leslie Crosbie
,Joan Fontaine,Rebecca,The Second Mrs. de Winter
,Katharine Hepburn,The Philadelphia Story,Tracy Lord
,Martha Scott,Our Town,Emily Webb
"1941
(14th)",Joan Fontaine,Suspicion,Lina McLaidlaw Aysgarth
,Bette Davis,The Little Foxes,Regina Giddens
,Olivia de Havilland,Hold Back the Dawn,Emmy Brown
,Greer Garson,Blossoms in the Dust,Edna Gladney
,Barbara Stanwyck,Ball of Fire,Katherine 'Sugarpuss' O'Shea
"1942
(15th)",Greer Garson,Mrs. Miniver,Kay Miniver
,Bette Davis,"Now, Voyager",Charlotte Vale
,Katharine Hepburn,Woman of the Year,Tess Harding
,Rosalind Russell,My Sister Eileen,Ruth Sherwood
,Teresa Wright,The Pride of the Yankees,Eleanor Twitchell Gehrig
"1943
(16th)",Jennifer Jones,The Song of Bernadette,Bernadette Soubirous
,Jean Arthur,The More the Merrier,"Constance ""Connie"" Milligan"
,Ingrid Bergman,For Whom the Bell Tolls,María
,Joan Fontaine,The Constant Nymph,Tessa Sanger
,Greer Garson,Madame Curie,Marie Curie
"1944
(17th)",Ingrid Bergman,Gaslight,Paula Alquist Anton
,Claudette Colbert,Since You Went Away,Anne Hilton
,Bette Davis,Mr. Skeffington,Fanny Trellis
,Greer Garson,Mrs. Parkington,Susie 'Sparrow' Parkington
,Barbara Stanwyck,Double Indemnity,Phyllis Dietrichson
"1945
(18th)",Joan Crawford,Mildred Pierce,Mildred Pierce Beragon
,Ingrid Bergman,The Bells of St. Mary's,Mary Benedict
,Greer Garson,The Valley of Decision,Mary Rafferty
,Jennifer Jones,Love Letters,Singleton
,Gene Tierney,Leave Her to Heaven,Ellen Berent Harland
"1946
(19th)",Olivia de Havilland,To Each His Own,Josephine 'Jody' Norris
,Celia Johnson,Brief Encounter,Laura Jesson
,Jennifer Jones,Duel in the Sun,Pearl Chavez
,Rosalind Russell,Sister Kenny,Elizabeth Kenny
,Jane Wyman,The Yearling,Orry Baxter
"1947
(20th)",Loretta Young,The Farmer's Daughter,Katie Holstrom
,Joan Crawford,Possessed,Louise Howell
,Susan Hayward,"Smash-Up, the Story of a Woman",Angelica Evans Conway
,Dorothy McGuire,Gentleman's Agreement,Kathy Lacy
,Rosalind Russell,Mourning Becomes Electra,Lavinia Mannon
"1948
(21st)",Jane Wyman,Johnny Belinda,Belinda McDonald
,Ingrid Bergman,Joan of Arc,Joan of Arc
,Olivia de Havilland,The Snake Pit,Virginia Stuart Cunningham
,Irene Dunne,I Remember Mama,Martha Hanson
,Barbara Stanwyck,"Sorry, Wrong Number",Leona Stevenson
"1949
(22nd)",Olivia de Havilland,The Heiress,Catherine Sloper
,Jeanne Crain,Pinky,Patricia 'Pinky' Johnson
,Susan Hayward,My Foolish Heart,Eloise Winters
,Deborah Kerr,"Edward, My Son",Evelyn Boult
,Loretta Young,Come to the Stable,Margaret
"1950
(23rd)",Judy Holliday,Born Yesterday,Emma 'Billie' Dawn
,Anne Baxter,All About Eve,Eve Harrington
,Bette Davis,All About Eve,Margo Channing
,Eleanor Parker,Caged,Marie Allen
,Gloria Swanson,Sunset Boulevard,Norma Desmond
"1951
(24th)",Vivien Leigh,A Streetcar Named Desire,Blanche DuBois
,Katharine Hepburn,The African Queen,Rose Sayer
,Eleanor Parker,Detective Story,Mary McLeod
,Shelley Winters,A Place in the Sun,Alice Tripp
,Jane Wyman,The Blue Veil,Louise Mason
"1952
(25th)",Shirley Booth,"Come Back, Little Sheba",Lola Delaney
,Joan Crawford,Sudden Fear,Myra Hudson
,Bette Davis,The Star,Margaret Elliot
,Julie Harris,The Member of the Wedding,Frances 'Frankie' Addams
,Susan Hayward,With a Song in My Heart,Jane Froman
"1953
(26th)",Audrey Hepburn,Roman Holiday,Princess Ann
,Leslie Caron,Lili,Lili Daurier
,Ava Gardner,Mogambo,"Eloise ""Honey Bear"" Kelly"
,Deborah Kerr,From Here to Eternity,Karen Holmes
,Maggie McNamara,The Moon Is Blue,Patty O'Neill
"1954
(27th)",Grace Kelly,The Country Girl,Georgie Elgin
,Dorothy Dandridge,Carmen Jones,Carmen Jones
,Judy Garland,A Star Is Born,Esther Victoria Blodgett / Vicki Lester
,Audrey Hepburn,Sabrina,Sabrina Fairchild
,Jane Wyman,Magnificent Obsession,Helen Phillips
"1955
(28th)",Anna Magnani,The Rose Tattoo,Serafina Delle Rose
,Susan Hayward,I'll Cry Tomorrow,Lillian Roth
,Katharine Hepburn,Summertime,Jane Hudson
,Jennifer Jones,Love is a Many-Splendored Thing,Han Suyin
,Eleanor Parker,Interrupted Melody,Marjorie Lawrence
"1956
(29th)",Ingrid Bergman,Anastasia,Anna Koreff / Anastasia
,Carroll Baker,Baby Doll,Baby Doll Meighan
,Katharine Hepburn,The Rainmaker,Lizzie Curry
,Nancy Kelly,The Bad Seed,Christine Penmark
,Deborah Kerr,The King and I,Anna Leonowens
"1957
(30th)",Joanne Woodward,The Three Faces of Eve,Eve White / Eve Black / Jane
,Deborah Kerr,"Heaven Knows, Mr. Allison",Angela
,Anna Magnani,Wild Is the Wind,Gioia
,Elizabeth Taylor,Raintree County,Susanna Drake
,Lana Turner,Peyton Place,Constance MacKenzie
"1958
(31st)",Susan Hayward,I Want to Live!,Barbara Graham
,Deborah Kerr,Separate Tables,Sibyl Railton-Bell
,Shirley MacLaine,Some Came Running,Ginnie Moorehead
,Rosalind Russell,Auntie Mame,Mame Dennis
,Elizabeth Taylor,Cat on a Hot Tin Roof,"Margaret ""Maggie the Cat"" Pollitt"
"1959
(32nd)",Simone Signoret,Room at the Top,Alice Aisgill
,Doris Day,Pillow Talk,Jan Morrow
,Audrey Hepburn,The Nun's Story,Gabrielle van der Mal
,Katharine Hepburn,"Suddenly, Last Summer",Violet Venable
,Elizabeth Taylor,"Suddenly, Last Summer",Catherine Holly
"1960
(33rd)",Elizabeth Taylor,BUtterfield 8,Gloria Wandrous
,Greer Garson,Sunrise at Campobello,Eleanor Roosevelt
,Deborah Kerr,The Sundowners,Ida Carmody
,Shirley MacLaine,The Apartment,Fran Kubelik
,Melina Mercouri,Never on Sunday,Ilya
"1961
(34th)",Sophia Loren,Two Women,Cesira
,Audrey Hepburn,Breakfast at Tiffany's,Holly Golightly / Lula Mae Barnes
,Piper Laurie,The Hustler,Sarah Packard
,Geraldine Page,Summer and Smoke,Alma Winemiller
,Natalie Wood,Splendor in the Grass,Wilma Dean 'Deanie' Loomis
"1962
(35th)",Anne Bancroft,The Miracle Worker,Annie Sullivan
,Bette Davis,What Ever Happened to Baby Jane?,Baby Jane Hudson
,Katharine Hepburn,Long Day's Journey into Night,Mary Cavan Tyrone
,Geraldine Page,Sweet Bird of Youth,Alexandra Del Lago
,Lee Remick,Days of Wine and Roses,Kirsten Arnesen Clay
"1963
(36th)",Patricia Neal,Hud,Alma Brown
,Leslie Caron,The L-Shaped Room,Jane Fossett
,Shirley MacLaine,Irma la Douce,Irma La Douce
,Rachel Roberts,This Sporting Life,Margaret Hammond
,Natalie Wood,Love with the Proper Stranger,Angie Rossini
"1964
(37th)",Julie Andrews,Mary Poppins,Mary Poppins
,Anne Bancroft,The Pumpkin Eater,Jo Armitage
,Sophia Loren,Marriage Italian Style,Filumena Marturano
,Debbie Reynolds,The Unsinkable Molly Brown,Molly Brown
,Kim Stanley,Séance on a Wet Afternoon,Myra Savage
"1965
(38th)",Julie Christie,Darling,Diana Scott
,Julie Andrews,The Sound of Music,Maria von Trapp
,Samantha Eggar,The Collector,Miranda Grey
,Elizabeth Hartman,A Patch of Blue,Selina D'Arcy
,Simone Signoret,Ship of Fools,La Contessa
"1966
(39th)",Elizabeth Taylor,Who's Afraid of Virginia Woolf?,Martha
,Anouk Aimée,A Man and a Woman,Anne Gauthier
,Ida Kamińska,The Shop on Main Street,Rozalie Lautmann
,Lynn Redgrave,Georgy Girl,Georgina 'Georgy' Parkin
,Vanessa Redgrave,Morgan!,Leonie Delt
"1967
(40th)",Katharine Hepburn,Guess Who's Coming to Dinner,Christina Drayton
,Anne Bancroft,The Graduate,Mrs. Robinson
,Faye Dunaway,Bonnie and Clyde,Bonnie Parker
,Edith Evans,The Whisperers,Maggie Ross
,Audrey Hepburn,Wait Until Dark,Susy Hendrix
"1968
(41st)",Katharine Hepburn [C],The Lion in Winter,Eleanor of Aquitaine
,Barbra Streisand [C],Funny Girl,Fanny Brice
,Patricia Neal,The Subject was Roses,Nettie Cleary
,Vanessa Redgrave,Isadora,Isadora Duncan
,Joanne Woodward,"Rachel, Rachel",Rachel Cameron
"1969
(42nd)",Maggie Smith,The Prime of Miss Jean Brodie,Jean Brodie
,Geneviève Bujold,Anne of the Thousand Days,Anne Boleyn
,Jane Fonda,"They Shoot Horses, Don't They?",Gloria Beatty
,Liza Minnelli,The Sterile Cuckoo,Mary Ann 'Pookie' Adams
,Jean Simmons,The Happy Ending,Mary Wilson
"1970
(43rd)",Glenda Jackson,Women in Love,Gudrun Brangwen
,Jane Alexander,The Great White Hope,Eleanor Backman
,Ali MacGraw,Love Story,Jennifer Cavalleri-Barrett
,Sarah Miles,Ryan's Daughter,Rosy Ryan
,Carrie Snodgress,Diary of a Mad Housewife,"Bettina ""Tina"" Balser"
"1971
(44th)",Jane Fonda,Klute,Bree Daniels
,Julie Christie,McCabe & Mrs. Miller,Constance Miller
,Glenda Jackson,Sunday Bloody Sunday,Alex Greville
,Vanessa Redgrave,"Mary, Queen of Scots","Mary, Queen of Scots"
,Janet Suzman,Nicholas and Alexandra,Empress Alexandra of Russia
"1972
(45th)",Liza Minnelli,Cabaret,Sally Bowles
,Diana Ross,Lady Sings the Blues,Billie Holiday
,Maggie Smith,Travels with My Aunt,Augusta Bertram
,Cicely Tyson,Sounder,Rebecca Morgan
,Liv Ullmann,The Emigrants,Kristina Nilsson
"1973
(46th)",Glenda Jackson,A Touch of Class,Vickie Allessio
,Ellen Burstyn,The Exorcist,Chris MacNeil
,Marsha Mason,Cinderella Liberty,Maggie Paul
,Barbra Streisand,The Way We Were,Katie Morosky
,Joanne Woodward,"Summer Wishes, Winter Dreams",Rita Walden
"1974
(47th)",Ellen Burstyn,Alice Doesn't Live Here Anymore,Alice Graham-Hyatt
,Diahann Carroll,Claudine,Claudine Price
,Faye Dunaway,Chinatown,Evelyn Cross Mulwray
,Valerie Perrine,Lenny,Harriett Jolliff / Honey Bruce
,Gena Rowlands,A Woman Under the Influence,Mabel Longhetti
"1975
(48th)",Louise Fletcher,One Flew Over the Cuckoo's Nest,Nurse Mildred Ratched
,Isabelle Adjani,The Story of Adele H.,Adèle Hugo / Adèle Lewly
,Ann-Margret,Tommy,Nora Walker
,Glenda Jackson,Hedda,Hedda Gabler-Tesman
,Carol Kane,Hester Street,Gitl
"1976
(49th)",Faye Dunaway,Network,Diana Christensen
,Marie-Christine Barrault,Cousin Cousine,Marthe
,Talia Shire,Rocky,Adrian Pennino
,Sissy Spacek,Carrie,Carrie White
,Liv Ullmann,Face to Face,Jenny Isaksson
"1977
(50th)",Diane Keaton,Annie Hall,Annie Hall
,Anne Bancroft,The Turning Point,Emma Jacklin
,Jane Fonda,Julia,Lillian Hellman
,Shirley MacLaine,The Turning Point,Deedee Rodgers
,Marsha Mason,The Goodbye Girl,Paula McFadden
"1978
(51st)",Jane Fonda,Coming Home,Sally Hyde
,Ingrid Bergman,Autumn Sonata,Charlotte Andergast
,Ellen Burstyn,"Same Time, Next Year",Doris
,Jill Clayburgh,An Unmarried Woman,Erica Benton
,Geraldine Page,Interiors,Eve
"1979
(52nd)",Sally Field,Norma Rae,Norma Rae Webster
,Jill Clayburgh,Starting Over,Marilyn Holmberg
,Jane Fonda,The China Syndrome,Kimberly Wells
,Marsha Mason,Chapter Two,Jennie MacLaine
,Bette Midler,The Rose,Mary Rose Foster
"1980
(53rd)",Sissy Spacek,Coal Miner's Daughter,Loretta Lynn
,Ellen Burstyn,Resurrection,Edna Mae Harper-McCauley
,Goldie Hawn,Private Benjamin,Judy Benjamin
,Mary Tyler Moore,Ordinary People,Beth Jarrett
,Gena Rowlands,Gloria,Gloria Swenson
"1981
(54th)",Katharine Hepburn,On Golden Pond,Ethel Thayer
,Diane Keaton,Reds,Louise Bryant
,Marsha Mason,Only When I Laugh,Georgia Hines
,Susan Sarandon,Atlantic City,Sally Matthews
,Meryl Streep,The French Lieutenant's Woman,Anna / Sara Woodruff
"1982
(55th)",Meryl Streep,Sophie's Choice,Sophie Zawistowski
,Julie Andrews,Victor Victoria,Victor Grazinski / Victoria Grant
,Jessica Lange,Frances,Frances Farmer
,Sissy Spacek,Missing,Beth Horman
,Debra Winger,An Officer and a Gentleman,Paula Pokrifki
"1983
(56th)",Shirley MacLaine,Terms of Endearment,Aurora Greenway
,Jane Alexander,Testament,Carol Wetherly
,Meryl Streep,Silkwood,Karen Silkwood
,Julie Walters,Educating Rita,Susan White / Rita
,Debra Winger,Terms of Endearment,Emma Greenway Horton
"1984
(57th)",Sally Field,Places in the Heart,Edna Spalding
,Judy Davis,A Passage to India,Adela Quested
,Jessica Lange,Country,Jewell Ivy
,Vanessa Redgrave,The Bostonians,Olive Chancellor
,Sissy Spacek,The River,Mae Garvey
"1985
(58th)",Geraldine Page,The Trip to Bountiful,Carrie Watts
,Anne Bancroft,Agnes of God,Miriam Ruth/Anna Maria Burchetti
,Whoopi Goldberg,The Color Purple,Celie Harris-Johnson
,Jessica Lange,Sweet Dreams,Patsy Cline
,Meryl Streep,Out of Africa,Karen Blixen
"1986
(59th)",Marlee Matlin,Children of a Lesser God,Sarah Norman
,Jane Fonda,The Morning After,Alex Sternbergen/Viveca Van Loren
,Sissy Spacek,Crimes of the Heart,Babe Botrelle/Rebecca MaGrath
,Kathleen Turner,Peggy Sue Got Married,Peggy Sue Kelcher-Bodell
,Sigourney Weaver,Aliens,Ellen Ripley
"1987
(60th)",Cher,Moonstruck,Loretta Castorini
,Glenn Close,Fatal Attraction,Alex Forrest
,Holly Hunter,Broadcast News,Jane Craig
,Sally Kirkland,Anna,Anna
,Meryl Streep,Ironweed,Helen Archer
"1988
(61st)",Jodie Foster,The Accused,Sarah Tobias
,Glenn Close,Dangerous Liaisons,Marquise Isabelle de Merteuil
,Melanie Griffith,Working Girl,Tess McGill
,Meryl Streep,A Cry in the Dark,Lindy Chamberlain
,Sigourney Weaver,Gorillas in the Mist,Dian Fossey
"1989
(62nd)",Jessica Tandy,Driving Miss Daisy,Daisy Werthan
,Isabelle Adjani,Camille Claudel,Camille Claudel
,Pauline Collins,Shirley Valentine,Shirley Valentine-Bradshaw
,Jessica Lange,Music Box,Ann Talbot
,Michelle Pfeiffer,The Fabulous Baker Boys,Susie Diamond
"1990
(63rd)",Kathy Bates,Misery,Annie Wilkes
,Anjelica Huston,The Grifters,Lilly Dillon
,Julia Roberts,Pretty Woman,Vivian Ward
,Meryl Streep,Postcards from the Edge,Suzanne Vale
,Joanne Woodward,Mr. & Mrs. Bridge,India Bridge
"1991
(64th)",Jodie Foster,The Silence of the Lambs,Clarice Starling
,Geena Davis,Thelma & Louise,Thelma Dickinson
,Laura Dern,Rambling Rose,Rose
,Bette Midler,For the Boys,Dixie Leonard
,Susan Sarandon,Thelma & Louise,Louise Sawyer
"1992
(65th)",Emma Thompson,Howards End,Margaret Schlegel
,Catherine Deneuve,Indochine,Eliane Devries
,Mary McDonnell,Passion Fish,May-Alice Culhane
,Michelle Pfeiffer,Love Field,"Louise Irene ""Lurene"" Hallett"
,Susan Sarandon,Lorenzo's Oil,Michaela Murphy Odone
"1993
(66th)",Holly Hunter,The Piano,Ada McGrath
,Angela Bassett,What's Love Got to Do with It,Anna Mae Bullock / Tina Turner
,Stockard Channing,Six Degrees of Separation,"Louisa ""Ouisa"" Kittredge"
,Emma Thompson,The Remains of the Day,"Sarah ""Sally"" Kenton"
,Debra Winger,Shadowlands,Joy Davidman
"1994
(67th)",Jessica Lange,Blue Sky,Carly Marshall
,Jodie Foster,Nell,Nell Kellty
,Miranda Richardson,Tom & Viv,Vivienne Haigh-Wood
,Winona Ryder,Little Women,"Josephine ""Jo"" March"
,Susan Sarandon,The Client,"Regina ""Reggie"" Love"
"1995
(68th)",Susan Sarandon,Dead Man Walking,Helen Prejean
,Elisabeth Shue,Leaving Las Vegas,Sera
,Sharon Stone,Casino,Ginger McKenna
,Meryl Streep,The Bridges of Madison County,Francesca Johnson
,Emma Thompson,Sense and Sensibility,Elinor Dashwood
"1996
(69th)",Frances McDormand,Fargo,Marge Gunderson
,Brenda Blethyn,Secrets & Lies,Cynthia Rose Purley
,Diane Keaton,Marvin's Room,Bessie Wakefield
,Kristin Scott Thomas,The English Patient,Katharine Clifton
,Emily Watson,Breaking the Waves,Bess McNeill
"1997
(70th)",Helen Hunt,As Good as It Gets,Carol Connelly
,Helena Bonham Carter,The Wings of the Dove,Kate Croy
,Julie Christie,Afterglow,Phyllis Hart
,Judi Dench,Mrs Brown,Queen Victoria
,Kate Winslet,Titanic,Rose DeWitt Bukater
"1998
(71st)",Gwyneth Paltrow,Shakespeare in Love,Viola de Lesseps/Thomas Kent
,Cate Blanchett,Elizabeth,Queen Elizabeth I
,Fernanda Montenegro,Central Station,"Isadora ""Dora"" Teixeira"
,Meryl Streep,One True Thing,Kate Gulden
,Emily Watson,Hilary and Jackie,Jacqueline du Pré
"1999
(72nd)",Hilary Swank,Boys Don't Cry,Brandon Teena
,Annette Bening,American Beauty,Carolyn Burnham
,Janet McTeer,Tumbleweeds,Mary Jo Walker
,Julianne Moore,The End of the Affair,Sarah Miles
,Meryl Streep,Music of the Heart,Roberta Guaspari
"2000
(73rd)",Julia Roberts,Erin Brockovich,Erin Brockovich
,Joan Allen,The Contender,Laine Hanson
,Juliette Binoche,Chocolat,Vianne Rocher
,Ellen Burstyn,Requiem for a Dream,Sara Goldfarb
,Laura Linney,You Can Count on Me,"Samantha ""Sammy"" Prescott"
"2001
(74th)",Halle Berry,Monster's Ball,Leticia Musgrove
,Judi Dench,Iris,Iris Murdoch
,Nicole Kidman,Moulin Rouge!,Satine
,Sissy Spacek,In the Bedroom,Ruth Fowler
,Renée Zellweger,Bridget Jones's Diary,Bridget Jones
"2002
(75th)",Nicole Kidman,The Hours,Virginia Woolf
,Salma Hayek,Frida,Frida Kahlo
,Diane Lane,Unfaithful,Constance 'Connie' Sumner
,Julianne Moore,Far from Heaven,Cathy Whitaker
,Renée Zellweger,Chicago,Roxie Hart
"2003
(76th)",Charlize Theron,Monster,Aileen Wuornos
,Keisha Castle-Hughes,Whale Rider,Paikea Apirana
,Diane Keaton,Something's Gotta Give,Erica Jane Berry
,Samantha Morton,In America,Sarah Sullivan
,Naomi Watts,21 Grams,Cristina Williams-Peck
"2004
(77th)",Hilary Swank,Million Dollar Baby,Maggie Fitzgerald
,Annette Bening,Being Julia,Julia Lambert
,Catalina Sandino Moreno,Maria Full of Grace,María Álvarez
,Imelda Staunton,Vera Drake,Vera Rose Drake
,Kate Winslet,Eternal Sunshine of the Spotless Mind,Clementine Kruczynski
"2005
(78th)",Reese Witherspoon,Walk the Line,June Carter Cash
,Judi Dench,Mrs Henderson Presents,Laura Forster-Henderson
,Felicity Huffman,Transamerica,"Sabrina ""Bree"" Osbourne"
,Keira Knightley,Pride & Prejudice,Elizabeth Bennet
,Charlize Theron,North Country,Josey Aimes
"2006
(79th)",Helen Mirren,The Queen,Queen Elizabeth II
,Penélope Cruz,Volver,Raimunda
,Judi Dench,Notes on a Scandal,Barbara Covett
,Meryl Streep,The Devil Wears Prada,Miranda Priestly
,Kate Winslet,Little Children,Sarah Pierce
"2007
(80th)",Marion Cotillard,La Vie en rose,Édith Piaf
,Cate Blanchett,Elizabeth: The Golden Age,Queen Elizabeth I
,Julie Christie,Away from Her,Fiona Anderson
,Laura Linney,The Savages,Wendy Savage
,Ellen Page,Juno,Juno MacGuff
"2008
(81st)",Kate Winslet,The Reader,Hanna Schmitz
,Anne Hathaway,Rachel Getting Married,Kym Buchman
,Angelina Jolie,Changeling,Christine Collins
,Melissa Leo,Frozen River,Ray Eddy
,Meryl Streep,Doubt,Aloysius Beauvier
"2009
(82nd)",Sandra Bullock,The Blind Side,Leigh Anne Tuohy
,Helen Mirren,The Last Station,Sophia Tolstaya
,Carey Mulligan,An Education,Jenny Mellor
,Gabourey Sidibe,Precious,"Claireece ""Precious"" Jones"
,Meryl Streep,Julie & Julia,Julia Child
"2010
(83rd)",Natalie Portman,Black Swan,Nina Sayers
,Annette Bening,The Kids Are All Right,Nicole Allgood
,Nicole Kidman,Rabbit Hole,Becca Corbett
,Jennifer Lawrence,Winter's Bone,Ree Dolly
,Michelle Williams,Blue Valentine,Cindy Heller
"2011
(84th)",Meryl Streep,The Iron Lady,Margaret Thatcher
,Glenn Close,Albert Nobbs,Albert Nobbs
,Viola Davis,The Help,Aibileen Clark
,Rooney Mara,The Girl with the Dragon Tattoo,Lisbeth Salander
,Michelle Williams,My Week with Marilyn,Marilyn Monroe
"2012
(85th)",Jennifer Lawrence,Silver Linings Playbook,Tiffany Maxwell
,Jessica Chastain,Zero Dark Thirty,Maya
,Emmanuelle Riva,Amour,Anne Laurent
,Quvenzhané Wallis,Beasts of the Southern Wild,Hushpuppy
,Naomi Watts,The Impossible,Maria Bennett
"2013
(86th)",Cate Blanchett,Blue Jasmine,"Jeanette ""Jasmine"" Francis"
,Amy Adams,American Hustle,Sydney Prosser / Lady Edith Greensly
,Sandra Bullock,Gravity,Ryan Stone
,Judi Dench,Philomena,Philomena Lee
,Meryl Streep,August: Osage County,Violet Weston
"2014
(87th)",Julianne Moore,Still Alice,Alice Daly-Howland
,Marion Cotillard,"Two Days, One Night",Sandra Bya
,Felicity Jones,The Theory of Everything,Jane Wilde-Hawking
,Rosamund Pike,Gone Girl,Amy Elliott-Dunne
,Reese Witherspoon,Wild,Cheryl Strayed
"2015
(88th)",Brie Larson,Room,Joy Newsome
,Cate Blanchett,Carol,Carol Aird
,Jennifer Lawrence,Joy,Joy Mangano
,Charlotte Rampling,45 Years,Kate Mercer
,Saoirse Ronan,Brooklyn,Eilis Lacey
"2016
(89th)",Isabelle Huppert,Elle,Michèle Leblanc
,Ruth Negga,Loving,Mildred Loving
,Natalie Portman,Jackie,Jackie Kennedy
,Emma Stone,La La Land,Mia Dolan
,Meryl Streep,Florence Foster Jenkins,Florence Foster Jenkins
