Year,Screenwriter(s),Film
"1940
(13th)",Preston Sturges,The Great McGinty
,Ben Hecht,Angels Over Broadway
,"Norman Burnside
Heinz Herald
John Huston",Dr. Ehrlich's Magic Bullet
,"Charles Bennett
Joan Harrison",Foreign Correspondent
,Charlie Chaplin,The Great Dictator
"1941
(14th)","Herman J. Mankiewicz
Orson Welles",Citizen Kane
,Norman Krasna,The Devil and Miss Jones
,"Harry Chandlee
Abem Finkel
John Huston
Howard E. Koch",Sergeant York
,"Karl Tunberg
Darrell Ware","Tall, Dark and Handsome"
,Paul Jarrico,"Tom, Dick and Harry"
"1942
(15th)","Michael Kanin
Ring Lardner Jr.",Woman of the Year
,"Michael Powell
Emeric Pressburger",One of Our Aircraft Is Missing
,"Frank Butler
Don Hartman",Road to Morocco
,"W. R. Burnett
Frank Butler",Wake Island
,George Oppenheimer,The War Against Mrs. Hadley
"1943
(16th)",Norman Krasna,Princess O'Rourke
,Dudley Nichols,Air Force
,Noël Coward,In Which We Serve
,Lillian Hellman,The North Star
,Allan Scott,So Proudly We Hail!
"1944
(17th)",Lamar Trotti,Wilson
,Preston Sturges,Hail the Conquering Hero
,,The Miracle of Morgan's Creek
,"Richard Connell
Gladys Lehman",Two Girls and a Sailor
,Jerome Cady,Wing and a Prayer
"1945
(18th)",Richard Schweizer,Marie-Louise
,Philip Yordan,Dillinger
,Myles Connolly,Music for Millions
,Milton Holmes,Salty O'Rourke
,Harry Kurnitz,"What Next, Corporal Hargrove?"
"1946
(19th)","Muriel Box
Sydney Box",The Seventh Veil
,Raymond Chandler,The Blue Dahlia
,Jacques Prévert,Children of Paradise
,Ben Hecht,Notorious
,"Norman Panama
Melvin Frank",Road to Utopia
"1947
(20th)",Sidney Sheldon,The Bachelor and the Bobby-Soxer
,Abraham Polonsky,Body and Soul
,"Ruth Gordon
Garson Kanin",A Double Life
,Charlie Chaplin,Monsieur Verdoux
,"Sergio Amidei
Adolfo Franci
C. G. Viola
Cesare Zavattini",Shoeshine
"1948
(21st)",N/A,—
"1949
(22nd)",Robert Pirosh,Battleground
,Sidney Buchman,Jolson Sings Again
,"V. Hayes
Federico Fellini
Sergio Amidei
Marcello Pagliero
Roberto Rossellini",Paisan
,T. E. B. Clarke,Passport to Pimlico
,"Helen Levitt
Janice Loeb
Sidney Meyers",The Quiet Ones
"1950
(23rd)","Charles Brackett
D. M. Marshman Jr.
Billy Wilder",Sunset Boulevard
,"Ruth Gordon
Garson Kanin",Adam's Rib
,"Virginia Kellogg
Bernard C. Schoenfeld",Caged
,Carl Foreman,The Men
,"Joseph L. Mankiewicz
Lesser Samuels",No Way Out
"1951
(24th)",Alan Jay Lerner,An American in Paris
,"Billy Wilder
Lesser Samuels
Walter Newman",The Big Carnival
,Philip Dunne,David and Bathsheba
,Robert Pirosh,Go for Broke!
,"Clarence Greene
Russell Rouse",The Well
"1952
(25th)",T. E. B. Clarke,The Lavender Hill Mob
,Sydney Boehm,The Atomic City
,Terence Rattigan,The Sound Barrier
,"Ruth Gordon
Garson Kanin",Pat and Mike
,John Steinbeck,Viva Zapata!
"1953
(26th)","Charles Brackett
Richard L. Breen
Walter Reisch",Titanic
,"Betty Comden
Adolph Green",The Band Wagon
,Richard Murphy,The Desert Rats
,"Sam Rolfe
Harold Jack Bloom",The Naked Spur
,Millard Kaufman,Take the High Ground!
"1954
(27th)",Budd Schulberg,On the Waterfront
,Joseph L. Mankiewicz,The Barefoot Contessa
,William Rose,Genevieve
,"Valentine Davies
Oscar Brodney",The Glenn Miller Story
,"Norman Panama
Melvin Frank",Knock on Wood
"1955
(28th)","Sonya Levien
William Ludwig",Interrupted Melody
,"Milton Sperling
Emmet Lavery",The Court-Martial of Billy Mitchell
,"Betty Comden
Adolph Green",It's Always Fair Weather
,"Jacques Tati
Henri Marquet",Les Vacances de M. Hulot
,"Melville Shavelson
Jack Rose",The Seven Little Foys
"1956
(29th)",Albert Lamorisse,The Red Balloon
,Robert Lewin,The Bold and the Brave
,Andrew L. Stone,Julie
,"Federico Fellini
Tullio Pinelli",La Strada
,William Rose,The Ladykillers
"1957
(30th)",George Wells,Designing Woman
,Leonard Gershe,Funny Face
,"Ralph Wheelwright
R. Wright Campbell
Ivan Goff
Ben Roberts",Man of a Thousand Faces
,"Barney Slater
Joel Kane
Dudley Nichols",The Tin Star
,"Federico Fellini
Ennio Flaiano
Tullio Pinelli",I Vitelloni
"1958
(31st)","Nathan E. Douglas
Harold Jacob Smith",The Defiant Ones
,Paddy Chayefsky,The Goddess
,"Melville Shavelson
Jack Rose",Houseboat
,"James Edward Grant
William Bowers",The Sheepman
,"Fay Kanin
Michael Kanin",Teacher's Pet
"1959
(32nd)","Clarence Greene
Maurice Richlin
Russell Rouse
Stanley Shapiro",Pillow Talk
,"François Truffaut
Marcel Moussy",The 400 Blows
,Ernest Lehman,North by Northwest
,"Paul King
Joseph Stone
Stanley Shapiro
Maurice Richlin",Operation Petticoat
,Ingmar Bergman,Wild Strawberries
"1960
(33rd)","I. A. L. Diamond
Billy Wilder",The Apartment
,"Bryan Forbes
Richard Gregson
Michael Craig",The Angry Silence
,"Norman Panama
Melvin Frank",The Facts of Life
,Marguerite Duras,Hiroshima mon amour
,Jules Dassin,Never on Sunday
"1961
(34th)",William Inge,Splendor in the Grass
,"Valentin Yoshov
Grigori Chukhrai",Ballad of a Soldier
,"Federico Fellini
Tullio Pinelli
Ennio Flaiano
Brunello Rondi",La Dolce Vita
,"Sergio Amidei
Diego Fabbi
Indro Montanelli",General della Rovere
,"Stanley Shapiro
Paul Henning",Lover Come Back
"1962
(35th)","Ennio de Concini
Pietro Germi
Alfredo Giannetti","Divorce, Italian Style"
,"Charles Kaufman
Wolfgang Reinhardt",Freud: The Secret Passion
,Alain Robbe-Grillet,Last Year at Marienbad
,"Stanley Shapiro
Nate Monaster",That Touch of Mink
,Ingmar Bergman,Through a Glass Darkly
"1963
(36th)",James Webb,How the West Was Won
,"Federico Fellini
Ennio Flaiano
Tullio Pinelli
Brunello Rondi",8½
,Elia Kazan,"America, America"
,"Pasquale Festa Campanile
Massimo Franciosa
Nanni Loy
Vasco Pratolini
Carlo Bernari",The Four Days of Naples
,Arnold Schulman,Love with the Proper Stranger
"1964
(37th)","Peter Stone
Frank Tarloff",Father Goose
,Alun Owen,A Hard Day's Night
,"Raphael Hayes
Orville H. Hampton","One Potato, Two Potato"
,"Agenore Incrocci
Furio Scarpelli
Mario Monicelli",The Organizer
,"Jean-Paul Rappeneau
Ariane Mnouchkine
Daniel Boulanger
Philippe de Broca",That Man from Rio
"1965
(38th)",Frederic Raphael,Darling
,"Agenore Incrocci
Furio Scarpelli
Mario Monicelli
Tonino Guerra
Giorgio Salvioni
Suso Cecchi d'Amico",Casanova 70
,"Jack Davies
Ken Annakin",Those Magnificent Men in their Flying Machines
,"Franklin Coen
Frank Davis",The Train
,Jacques Demy,The Umbrellas of Cherbourg
"1966
(39th)","Claude Lelouch
Pierre Uytterhoeven",A Man and a Woman
,"Michelangelo Antonioni
Tonino Guerra
Edward Bond",Blowup
,"Billy Wilder
I. A. L. Diamond",The Fortune Cookie
,Robert Ardrey,Khartoum
,"Clint Johnston
Don Peters",The Naked Prey
"1967
(40th)",William Rose,Guess Who's Coming to Dinner
,"David Newman
Robert Benton",Bonnie and Clyde
,"Robert Kaufman
Norman Lear",Divorce American Style
,Jorge Semprún,La Guerre Est Finie
,Frederic Raphael,Two for the Road
"1968
(41st)",Mel Brooks,The Producers
,"Stanley Kubrick
Arthur C. Clarke",2001: A Space Odyssey
,"Franco Solinas
Gillo Pontecorvo",The Battle of Algiers
,John Cassavetes,Faces
,"Ira Wallach
Peter Ustinov",Hot Millions
"1969
(42nd)",William Goldman,Butch Cassidy and the Sundance Kid
,"Paul Mazursky
Larry Tucker",Bob & Carol & Ted & Alice
,"Nicola Badalucco
Enrico Medioli
Luchino Visconti",The Damned
,"Peter Fonda
Dennis Hopper
Terry Southern",Easy Rider
,"Walon Green
Roy N. Sickner
Sam Peckinpah",The Wild Bunch
"1970
(43rd)","Francis Ford Coppola
Edmund H. North",Patton
,"Adrien Joyce
Bob Rafelson",Five Easy Pieces
,Norman Wexler,Joe
,Erich Segal,Love Story
,Éric Rohmer,My Night at Maud's
"1971
(44th)",Paddy Chayefsky,The Hospital
,"Elio Petri
Ugo Pirro",Investigation of a Citizen Above Suspicion
,"Andy Lewis
David Lewis",Klute
,Herman Raucher,Summer of '42
,Penelope Gilliatt,Sunday Bloody Sunday
"1972
(45th)",Jeremy Larner,The Candidate
,"Luis Buñuel
Jean-Claude Carrière",The Discreet Charm of the Bourgeoisie
,"Terrence McCloy
Chris Clark
Suzanne de Passe",Lady Sings the Blues
,Louis Malle,Murmur of the Heart
,Carl Foreman,Young Winston
"1973
(46th)",David S. Ward,The Sting
,"George Lucas
Gloria Katz
Willard Huyck",American Graffiti
,Ingmar Bergman,Cries and Whispers
,Steve Shagan,Save the Tiger
,"Melvin Frank
Jack Rose",A Touch of Class
"1974
(47th)",Robert Towne,Chinatown
,Robert Getchell,Alice Doesn't Live Here Anymore
,Francis Ford Coppola,The Conversation
,"François Truffaut
Jean-Louis Richard
Suzanne Schiffman",Day for Night
,"Paul Mazursky
Josh Greenfield",Harry and Tonto
"1975
(48th)",Frank Pierson,Dog Day Afternoon
,"Federico Fellini
Tonino Guerra",Amarcord
,"Claude Lelouch
Pierre Uytterhoeven",And Now My Love
,Ted Allan,Lies My Father Told Me
,"Robert Towne
Warren Beatty",Shampoo
"1976
(49th)",Paddy Chayefsky,Network
,"Jean-Charles Tacchella
Daniele Thompson",Cousin Cousine
,Walter Bernstein,The Front
,Sylvester Stallone,Rocky
,Lina Wertmüller,Seven Beauties
"1977
(50th)","Woody Allen
Marshall Brickman",Annie Hall
,Neil Simon,The Goodbye Girl
,Robert Benton,The Late Show
,George Lucas,Star Wars
,Arthur Laurents,The Turning Point
"1978
(51st)","Robert C. Jones
Waldo Salt
Nancy Dowd",Coming Home
,Ingmar Bergman,Autumn Sonata
,"Deric Washburn
Michael Cimino
Louis Garfinkle
Quinn K. Redeker",The Deer Hunter
,Woody Allen,Interiors
,Paul Mazursky,An Unmarried Woman
"1979
(52nd)",Steve Tesich,Breaking Away
,"Robert Alan Aurthur
Bob Fosse",All That Jazz
,"Valerie Curtin
Barry Levinson",…And Justice for All
,"Mike Gray
T. S. Cook
James Bridges",The China Syndrome
,"Woody Allen
Marshall Brickman",Manhattan
"1980
(53rd)",Bo Goldman,Melvin and Howard
,"W. D. Richter
Arthur A. Ross",Brubaker
,Christopher Gore,Fame
,"Jean Gruault
Henri Laborit",Mon oncle d'Amérique
,"Nancy Meyers
Charles Shyer
Harvey Miller",Private Benjamin
"1981
(54th)",Colin Welland,Chariots of Fire
,Kurt Luedtke,Absence of Malice
,Steve Gordon,Arthur
,John Guare,Atlantic City
,"Warren Beatty
Trevor Griffiths",Reds
"1982
(55th)",John Briley,Gandhi
,Barry Levinson,Diner
,Melissa Mathison,E.T. the Extra-Terrestrial
,Douglas Day Stewart,An Officer and a Gentleman
,"Larry Gelbart
Murray Schisgal
Don McGuire",Tootsie
"1983
(56th)",Horton Foote,Tender Mercies
,"Lawrence Kasdan
Barbara Benedek",The Big Chill
,Ingmar Bergman,Fanny and Alexander
,"Nora Ephron
Alice Arlen",Silkwood
,"Lawrence Lasker
Walter F. Parkes",WarGames
"1984
(57th)",Robert Benton,Places in the Heart
,"Daniel Petrie Jr.
Danilo Bach",Beverly Hills Cop
,Woody Allen,Broadway Danny Rose
,"Gregory Nava
Anna Thomas",El Norte
,"Lowell Ganz
Babaloo Mandel
Bruce Jay Friedman
Brian Grazer",Splash
"1985
(58th)","William Kelley
Earl Wallace
Pamela Wallace",Witness
,"Robert Zemeckis
Bob Gale",Back to the Future
,"Terry Gilliam
Tom Stoppard
Charles McKeown",Brazil
,"Luis Puenzo
Aída Bortnik",The Official Story
,Woody Allen,The Purple Rose of Cairo
"1986
(59th)",Woody Allen,Hannah and Her Sisters
,"Paul Hogan
Ken Shadie
John Cornell","""Crocodile"" Dundee"
,Hanif Kureishi,My Beautiful Laundrette
,Oliver Stone,Platoon
,"Oliver Stone
Richard Boyle",Salvador
"1987
(60th)",John Patrick Shanley,Moonstruck
,Louis Malle,Au revoir les enfants
,James L. Brooks,Broadcast News
,John Boorman,Hope and Glory
,Woody Allen,Radio Days
"1988
(61st)","Ronald Bass
Barry Morrow",Rain Man
,"Gary Ross
Anne Spielberg",Big
,Ron Shelton,Bull Durham
,"John Cleese
Charles Crichton",A Fish Called Wanda
,Naomi Foner,Running on Empty
"1989
(62nd)",Tom Schulman,Dead Poets Society
,Woody Allen,Crimes and Misdemeanors
,Spike Lee,Do the Right Thing
,Steven Soderbergh,"Sex, Lies, and Videotape"
,Nora Ephron,When Harry Met Sally…
"1990
(63rd)",Bruce Joel Rubin,Ghost
,Woody Allen,Alice
,Barry Levinson,Avalon
,Peter Weir,Green Card
,Whit Stillman,Metropolitan
"1991
(64th)",Callie Khouri,Thelma & Louise
,John Singleton,Boyz n the Hood
,James Toback,Bugsy
,Richard LaGravenese,The Fisher King
,"Lawrence Kasdan
Meg Kasdan",Grand Canyon
"1992
(65th)",Neil Jordan,The Crying Game
,Woody Allen,Husbands and Wives
,"Nick Enright
George Miller",Lorenzo's Oil
,John Sayles,Passion Fish
,David Webb Peoples,Unforgiven
"1993
(66th)",Jane Campion,The Piano
,Gary Ross,Dave
,Jeff Maguire,In the Line of Fire
,Ron Nyswaner,Philadelphia
,"Jeff Arch
Nora Ephron
David S. Ward",Sleepless in Seattle
"1994
(67th)","Quentin Tarantino
Roger Avary",Pulp Fiction
,"Woody Allen
Douglas McGrath",Bullets Over Broadway
,Richard Curtis,Four Weddings and a Funeral
,"Peter Jackson
Fran Walsh",Heavenly Creatures
,"Krzysztof Kieślowski
Krzysztof Piesiewicz",Three Colors: Red
"1995
(68th)",Christopher McQuarrie,The Usual Suspects
,Randall Wallace,Braveheart
,Woody Allen,Mighty Aphrodite
,"Stephen J. Rivele
Christopher Wilkinson
Oliver Stone",Nixon
,"Joss Whedon
Andrew Stanton
Joel Cohen
Alec Sokolow
John Lasseter
Pete Docter
Joe Ranft",Toy Story
"1996
(69th)",Joel Coen and Ethan Coen,Fargo
,Cameron Crowe,Jerry Maguire
,John Sayles,Lone Star
,Mike Leigh,Secrets & Lies
,"Jan Sardi
Scott Hicks",Shine
"1997
(70th)","Ben Affleck
Matt Damon",Good Will Hunting
,"Mark Andrus
James L. Brooks",As Good as It Gets
,Paul Thomas Anderson,Boogie Nights
,Woody Allen,Deconstructing Harry
,Simon Beaufoy,The Full Monty
"1998
(71st)","Marc Norman
Tom Stoppard",Shakespeare in Love
,"Warren Beatty
Jeremy Pikser",Bulworth
,"Roberto Benigni
Vincenzo Cerami",Life Is Beautiful
,Robert Rodat,Saving Private Ryan
,Andrew Niccol,The Truman Show
"1999
(72nd)",Alan Ball,American Beauty
,Charlie Kaufman,Being John Malkovich
,Paul Thomas Anderson,Magnolia
,M. Night Shyamalan,The Sixth Sense
,Mike Leigh,Topsy-Turvy
"2000
(73rd)",Cameron Crowe,Almost Famous
,Lee Hall,Billy Elliot
,Susannah Grant,Erin Brockovich
,"David Franzoni
John Logan
William Nicholson",Gladiator
,Kenneth Lonergan,You Can Count on Me
"2001
(74th)",Julian Fellowes,Gosford Park
,"Jean-Pierre Jeunet
Guillaume Laurant",Amélie
,"Christopher Nolan
Jonathan Nolan",Memento
,"Milo Addica
Will Rokos",Monster's Ball
,"Wes Anderson
Owen Wilson",The Royal Tenenbaums
"2002
(75th)",Pedro Almodóvar,Talk to Her
,Todd Haynes,Far from Heaven
,"Jay Cocks
Steven Zaillian
Kenneth Lonergan",Gangs of New York
,Nia Vardalos,My Big Fat Greek Wedding
,"Alfonso Cuarón
Carlos Cuarón",Y Tu Mamá También
"2003
(76th)",Sofia Coppola,Lost in Translation
,Denys Arcand,The Barbarian Invasions
,Steven Knight,Dirty Pretty Things
,"Andrew Stanton
Bob Peterson
David Reynolds",Finding Nemo
,"Jim Sheridan
Kirsten Sheridan
Naomi Sheridan",In America
"2004
(77th)","Charlie Kaufman
Michel Gondry
Pierre Bismuth",Eternal Sunshine of the Spotless Mind
,John Logan,The Aviator
,"Terry George
Keir Pearson",Hotel Rwanda
,Brad Bird,The Incredibles
,Mike Leigh,Vera Drake
"2005
(78th)","Paul Haggis
Bobby Moresco",Crash
,"George Clooney
Grant Heslov","Good Night, and Good Luck"
,Woody Allen,Match Point
,Noah Baumbach,The Squid and the Whale
,Stephen Gaghan,Syriana
"2006
(79th)",Michael Arndt,Little Miss Sunshine
,Guillermo Arriaga,Babel
,"Iris Yamashita
Paul Haggis",Letters from Iwo Jima
,Guillermo del Toro,Pan's Labyrinth
,Peter Morgan,The Queen
"2007
(80th)",Diablo Cody,Juno
,Nancy Oliver,Lars and the Real Girl
,Tony Gilroy,Michael Clayton
,"Brad Bird
Jan Pinkava
Jim Capobianco",Ratatouille
,Tamara Jenkins,The Savages
"2008
(81st)",Dustin Lance Black,Milk
,Courtney Hunt,Frozen River
,Mike Leigh,Happy-Go-Lucky
,Martin McDonagh,In Bruges
,"Andrew Stanton
Jim Reardon
Pete Docter",WALL-E
"2009
(82nd)",Mark Boal,The Hurt Locker
,Quentin Tarantino,Inglourious Basterds
,"Alessandro Camon
Oren Moverman",The Messenger
,Joel Coen Ethan Coen,A Serious Man
,"Bob Peterson
Pete Docter
Tom McCarthy",Up
"2010
(83rd)",David Seidler,The King's Speech
,Mike Leigh,Another Year
,"Scott Silver
Paul Tamasy
Eric Johnson
Keith Dorrington",The Fighter
,Christopher Nolan,Inception
,"Lisa Cholodenko
Stuart Blumberg",The Kids Are All Right
"2011
(84th)",Woody Allen,Midnight in Paris
,Michel Hazanavicius,The Artist
,"Kristen Wiig
Annie Mumolo",Bridesmaids
,J. C. Chandor,Margin Call
,Asghar Farhadi,A Separation
"2012
(85th)",Quentin Tarantino,Django Unchained
,Michael Haneke,Amour
,John Gatins,Flight
,"Wes Anderson
Roman Coppola",Moonrise Kingdom
,Mark Boal,Zero Dark Thirty
"2013
(86th)",Spike Jonze,Her
,"Eric Warren Singer
David O. Russell",American Hustle
,Woody Allen,Blue Jasmine
,"Craig Borten
Melisa Wallack",Dallas Buyers Club
,Bob Nelson,Nebraska
"2014
(87th)","Alejandro G. Iñárritu
Nicolás Giacobone
Alexander Dinelaris Jr.
Armando Bo",Birdman
,Richard Linklater,Boyhood
,"E. Max Frye
Dan Futterman",Foxcatcher
,"Wes Anderson
Hugo Guinness",The Grand Budapest Hotel
,Dan Gilroy,Nightcrawler
"2015
(88th)","Tom McCarthy
Josh Singer",Spotlight
,"Matt Charman
Joel Coen Ethan Coen",Bridge of Spies
,Alex Garland,Ex Machina
,"Josh Cooley
Ronnie del Carmen
Pete Docter
Meg LeFauve",Inside Out
,"Andrea Berloff
Jonathan Herman
S. Leigh Savidge
Alan Wenkus",Straight Outta Compton
"2016
(89th)",Taylor Sheridan,Hell or High Water
,Damien Chazelle,La La Land
,"Yorgos Lanthimos
Efthimis Filippou",The Lobster
,Kenneth Lonergan,Manchester by the Sea
,Mike Mills,20th Century Women
"1927/28
(1st)[3]",,
,Benjamin Glazer,Seventh Heaven
,Anthony Coldeway,Glorious Betsy
,Alfred A. Cohn,The Jazz Singer
"1928/29
(2nd)[4]",,
,Hanns Kräly,The Patriot
,Elliott J. Clawson,The Cop
,Tom Barry,In Old Arizona
,Hanns Kräly,The Last of Mrs. Cheyney
,Elliott J. Clawson,The Leatherneck
,Josephine Lovett,Our Dancing Daughters
,Elliott J. Clawson,Sal of Singapore
,Elliott J. Clawson,Skyscraper
,Tom Barry,The Valiant
,Bess Meredyth,A Woman of Affairs
,Bess Meredyth,Wonder of Women
"1929/30
(3rd)[4]",,
,Frances Marion,The Big House
,"Maxwell Anderson (adaptation/dialogue)
George Abbott (screenplay)
Del Andrews (adaptation)",All Quiet on the Western Front
,Julien Josephson,Disraeli
,John Meehan,The Divorcee
,Howard Estabrook,Street of Chance
"1930/31
(4th)[5]",,
,Howard Estabrook,Cimarron
,"Seton I. Miller
Fred Niblo Jr.",The Criminal Code
,Horace Jackson,Holiday
,"Francis Edward Faragoh (screen version/dialogue)
Robert N. Lee (continuity)",Little Caesar
,"Joseph L. Mankiewicz
Sam Mintz",Skippy
"1931/32
(5th)",,
,Edwin J. Burke,Bad Girl
,Sidney Howard,Arrowsmith
,"Percy Heath
Samuel Hoffenstein",Dr. Jekyll and Mr. Hyde
"1932/33
(6th)",,
,"Victor Heerman
Sarah Y. Mason",Little Women
,Robert Riskin,Lady for a Day
,"Paul Green
Sonya Levien",State Fair
"1934
(7th)",,
,Robert Riskin,It Happened One Night
,"Albert Hackett
Frances Goodrich",The Thin Man
,Ben Hecht,Viva Villa!
"1935
(8th)[6]",,
,Dudley Nichols (declined),The Informer
,"Waldemar Young (screenplay)
John L. Balderston (screenplay)
Achmed Abdullah (screenplay)
Grover Jones (adaptation)
William Slavens McNutt (adaptation)",The Lives of a Bengal Lancer
,"Talbot Jennings
Jules Furthman
Carey Wilson",Mutiny on the Bounty
,Casey Robinson,Captain Blood (write-in candidate) (3rd)
"1936
(9th)",,
,"Pierre Collings
Sheridan Gibney",The Story of Louis Pasteur
,"Frances Goodrich
Albert Hackett",After the Thin Man
,Sidney Howard,Dodsworth
,Robert Riskin,Mr. Deeds Goes to Town
,"Morrie Ryskind
Eric Hatch",My Man Godfrey
"1937
(10th)",,
,"Heinz Herald
Geza Herczeg
Norman Reilly Raine",The Life of Emile Zola
,Viña Delmar,The Awful Truth
,"Marc Connelly
John Lee Mahin
Dale Van Every",Captains Courageous
,"Morrie Ryskind
Anthony Veiller",Stage Door
,"Dorothy Parker
Alan Campbell
Robert Carson",A Star Is Born
"1938
(11th)",,
,"Ian Dalrymple
Cecil Lewis (scenario)
W. P. Lipscomb (scenario)
George Bernard Shaw (scenario and dialogue)",Pygmalion
,"John Meehan
Dore Schary",Boys Town
,"Ian Dalrymple
Frank Wead
Elizabeth Hill",The Citadel
,"Lenore J. Coffee
Julius J. Epstein",Four Daughters
,Robert Riskin,You Can't Take It with You
"1939
(12th)",,
,Sidney Howard (posthumous win),Gone with the Wind
,"R. C. Sherriff
Claudine West
Eric Maschwitz","Goodbye, Mr. Chips"
,Sidney Buchman,Mr. Smith Goes to Washington
,"Charles Brackett
Billy Wilder
Walter Reisch",Ninotchka
,"Charles MacArthur
Ben Hecht",Wuthering Heights
"1940
(13th)",,
,Donald Ogden Stewart,The Philadelphia Story
,Nunnally Johnson,The Grapes of Wrath
,Dalton Trumbo,Kitty Foyle: The Natural History of a Woman
,Dudley Nichols,The Long Voyage Home
,"Robert E. Sherwood
Joan Harrison",Rebecca
"1941
(14th)",,
,"Sidney Buchman
Seton I. Miller",Here Comes Mr. Jordan
,"Charles Brackett
Billy Wilder",Hold Back the Dawn
,Philip Dunne,How Green Was My Valley
,Lillian Hellman,The Little Foxes
,John Huston,The Maltese Falcon
"1942
(15th)",,
,"George Froeschel
James Hilton
Claudine West
Arthur Wimperis",Mrs. Miniver
,"Rodney Ackland
Emeric Pressburger",49th Parallel
,"Herman J. Mankiewicz
Jo Swerling",The Pride of the Yankees
,"George Froeschel
Claudine West
Arthur Wimperis",Random Harvest
,"Sidney Buchman
Irwin Shaw",The Talk of the Town
"1943
(16th)",,
,"Philip G. Epstein
Julius J. Epstein
Howard Koch",Casablanca
,Nunnally Johnson,Holy Matrimony
,"Richard Flournoy
Lewis R. Foster
Frank Ross
Robert Russell",The More the Merrier
,George Seaton,The Song of Bernadette
,Dashiell Hammett,Watch on the Rhine
"1944
(17th)",,
,"Frank Butler
Frank Cavett",Going My Way
,"Billy Wilder
Raymond Chandler",Double Indemnity
,"John Van Druten
Walter Reisch
John L. Balderston",Gaslight
,"Jay Dratler
Samuel Hoffenstein
Betty Reinhardt",Laura
,"Irving Brecher
Fred F. Finklehoffe",Meet Me in St. Louis
"1945
(18th)",,
,"Charles Brackett
Billy Wilder",The Lost Weekend
,Ranald MacDougall,Mildred Pierce
,Albert Maltz,Pride of the Marines
,"Leopold Atlas
Guy Endore
Philip Stevenson",Story of G.I. Joe
,"Frank Davis
Tess Slesinger (posthumous nomination)",A Tree Grows in Brooklyn
"1946
(19th)",,
,Robert Sherwood,The Best Years of Our Lives
,"Sally Benson
Talbot Jennings",Anna and the King of Siam
,"Anthony Havelock-Allan
David Lean
Ronald Neame",Brief Encounter
,Anthony Veiller,The Killers
,"Sergio Amidei
Federico Fellini","Rome, Open City"
"1947
(20th)",,
,George Seaton,Miracle on 34th Street
,"Sally Benson
Talbot Jennings",Boomerang
,John Paxton,Crossfire
,Moss Hart,Gentleman's Agreement
,"David Lean
Ronald Neame
Anthony Havelock-Allan",Great Expectations
"1948
(21st)",,
,John Huston,The Treasure of the Sierra Madre
,"Charles Brackett
Billy Wilder
Richard L. Breen",A Foreign Affair
,"Irma von Cube
Allen Vincent",Johnny Belinda
,"Richard Schweizer
David Wechsler",The Search
,"Frank Partos
Millen Brand",The Snake Pit
"1949
(22nd)",,
,Joseph L. Mankiewicz,A Letter to Three Wives
,Robert Rossen,All the King's Men
,Cesare Zavattini,The Bicycle Thief
,Carl Foreman,Champion
,Graham Greene,The Fallen Idol
"1950
(23rd)",,
,Joseph L. Mankiewicz,All About Eve
,"Ben Maddow
John Huston",The Asphalt Jungle
,Albert Mannheimer,Born Yesterday
,Albert Maltz (front: Michael Blankfort),Broken Arrow
,"Frances Goodrich
Albert Hackett",Father of the Bride
"1951
(24th)",,
,"Harry Brown
Michael Wilson",A Place in the Sun
,"James Agee
John Huston",The African Queen
,"Robert Wyler
Philip Yordan",Detective Story
,"Jacques Natanson
Max Ophüls",La Ronde
,Tennessee Williams,A Streetcar Named Desire
"1952
(25th)",,
,Charles Schnee,The Bad and the Beautiful
,Michael Wilson,5 Fingers
,Carl Foreman,High Noon
,"John Dighton
Roger MacDougall
Alexander Mackendrick",The Man in the White Suit
,Frank S. Nugent,The Quiet Man
"1953
(26th)",,
,Daniel Taradash,From Here to Eternity
,Eric Ambler,The Cruel Sea
,Helen Deutsch,Lili
,"Ian McLellan Hunter
John Dighton",Roman Holiday
,A. B. Guthrie Jr.,Shane
"1954
(27th)",,
,George Seaton,The Country Girl
,Stanley Roberts,The Caine Mutiny
,John Michael Hayes,Rear Window
,"Billy Wilder
Samuel Taylor
Ernest Lehman",Sabrina
,"Albert Hackett
Frances Goodrich
Dorothy Kingsley",Seven Brides for Seven Brothers
"1955
(28th)",,
,Paddy Chayefsky,Marty
,Millard Kaufman,Bad Day at Black Rock
,Richard Brooks,Blackboard Jungle
,Paul Osborn,East of Eden
,"Daniel Fuchs
Isobel Lennart",Love Me or Leave Me
"1956
(29th)[7]",,
,"John Farrow
S. J. Perelman
James Poe",Around the World in 80 Days
,Tennessee Williams,Baby Doll
,Michael Wilson (withdrawn from final ballot)[8],Friendly Persuasion
,"Fred Guiol
Ivan Moffat",Giant
,Norman Corwin,Lust for Life
"1957
(30th)[9]",,
,"Pierre Boulle
Carl Foreman (front: Pierre Boulle)
Michael Wilson (front: Pierre Boulle)[1][10]",The Bridge on the River Kwai
,"John Huston
John Lee Mahin","Heaven Knows, Mr. Allison"
,John Michael Hayes,Peyton Place
,Paul Osborn,Sayonara
,Reginald Rose,12 Angry Men
"1958
(31st)",,
,Alan Jay Lerner,Gigi
,"Richard Brooks
James Poe",Cat on a Hot Tin Roof
,Alec Guinness,The Horse's Mouth
,"Nelson Gidding
Don Mankiewicz",I Want to Live!
,"John Gay
Terence Rattigan",Separate Tables
"1959
(32nd)",,
,Neil Paterson,Room at the Top
,Wendell Mayes,Anatomy of a Murder
,Karl Tunberg,Ben-Hur
,Robert Anderson,The Nun's Story
,"Billy Wilder
I. A. L. Diamond",Some Like It Hot
"1960
(33rd)",,
,Richard Brooks,Elmer Gantry
,"Nedrick Young (front: Nathan E. Douglas)[11]
Harold Jacob Smith",Inherit the Wind
,"Gavin Lambert
T. E. B. Clarke",Sons and Lovers
,Isobel Lennart,The Sundowners
,James Kennaway,Tunes of Glory
"1961
(34th)",,
,Abby Mann,Judgment at Nuremberg
,George Axelrod,Breakfast at Tiffany's
,Carl Foreman,The Guns of Navarone
,"Sydney Carroll
Robert Rossen",The Hustler
,Ernest Lehman,West Side Story
"1962
(35th)",,
,Horton Foote,To Kill a Mockingbird
,Eleanor Perry,David and Lisa
,"Robert Bolt
Michael Wilson (not on original ballot)[12]",Lawrence of Arabia
,Vladimir Nabokov,Lolita
,William Gibson,The Miracle Worker
"1963
(36th)",,
,John Osborne,Tom Jones
,"Richard L. Breen
Henry Ephron
Phoebe Ephron","Captain Newman, M.D."
,"Irving Ravetch
Harriet Frank Jr.",Hud
,James Poe,Lilies of the Field
,"Serge Bourguignon (scenario/dialogue)
Antoine Tudal (scenario)",Sundays and Cybele
"1964
(37th)",,
,Edward Anhalt,Becket
,"Stanley Kubrick
Terry Southern
Peter George",Dr. Strangelove or: How I Learned to Stop Worrying and Love the Bomb
,"Bill Walsh
Don DaGradi",Mary Poppins
,Alan Jay Lerner,My Fair Lady
,Michael Cacoyannis,Zorba the Greek
"1965
(38th)",,
,Robert Bolt,Doctor Zhivago
,"Walter Newman
Frank R. Pierson",Cat Ballou
,"Stanley Mann
John Kohn",The Collector
,Abby Mann,Ship of Fools
,Herb Gardner,A Thousand Clowns
"1966
(39th)",,
,Robert Bolt,A Man for All Seasons
,Bill Naughton,Alfie
,Richard Brooks,The Professionals
,William Rose,"The Russians Are Coming, the Russians Are Coming"
,Ernest Lehman,Who's Afraid of Virginia Woolf?
"1967
(40th)",,
,Stirling Silliphant,In the Heat of the Night
,"Donn Pearce
Frank R. Pierson",Cool Hand Luke
,"Calder Willingham
Buck Henry",The Graduate
,Richard Brooks,In Cold Blood
,"Joseph Strick
Fred Haines",Ulysses
"1968
(41st)",,
,James Goldman,The Lion in Winter
,Neil Simon,The Odd Couple
,Vernon Harris,Oliver!
,Stewart Stern,"Rachel, Rachel"
,Roman Polanski,Rosemary's Baby
"1969
(42nd)",,
,Waldo Salt,Midnight Cowboy
,"John Hale (writer)
Bridget Boland (writer)
Richard Sokolove (adaptation)",Anne of the Thousand Days
,Arnold Schulman,"Goodbye, Columbus"
,"James Poe
Robert E. Thompson","They Shoot Horses, Don't They?"
,"Jorge Semprún
Costa-Gavras",Z
"1970
(43rd)",,
,Ring Lardner Jr.,M*A*S*H
,George Seaton,Airport
,Robert Anderson,I Never Sang for My Father
,"Joseph Bologna
David Zelag Goodman
Renée Taylor",Lovers and Other Strangers
,Larry Kramer,Women in Love
"1971
(44th)",,
,Ernest Tidyman,The French Connection
,Stanley Kubrick,A Clockwork Orange
,Bernardo Bertolucci,The Conformist
,"Ugo Pirro
Vittorio Bonicelli",The Garden of the Finzi Continis
,"Larry McMurtry
Peter Bogdanovich",The Last Picture Show
"1972
(45th)",,
,"Mario Puzo
Francis Ford Coppola",The Godfather
,Jay Presson Allen,Cabaret
,"Bengt Forslund
Jan Troell",The Emigrants
,Julius J. Epstein,Pete 'n' Tillie
,Lonne Elder III,Sounder
"1973
(46th)",,
,William Peter Blatty,The Exorcist
,Robert Towne,The Last Detail
,James Bridges,The Paper Chase
,Alvin Sargent,Paper Moon
,"Waldo Salt
Norman Wexler",Serpico
"1974
(47th)[13]",,
,"Francis Ford Coppola
Mario Puzo",The Godfather Part II
,"Lionel Chetwynd (adaptation)
Mordecai Richler (novel)",The Apprenticeship of Duddy Kravitz
,Julian Barry,Lenny
,Paul Dehn,Murder on the Orient Express
,"Gene Wilder
Mel Brooks",Young Frankenstein
"1975
(48th)",,
,"Bo Goldman
Laurence Hauben",One Flew Over the Cuckoo's Nest
,Stanley Kubrick,Barry Lyndon
,"John Huston
Gladys Hill",The Man Who Would Be King
,"Ruggero Maccari
Dino Risi",Profumo di donna
,Neil Simon,The Sunshine Boys
"1976
(49th)[14]",,
,William Goldman,All the President's Men
,Robert Getchell,Bound for Glory
,"Federico Fellini
Bernardino Zapponi",Fellini's Casanova
,Nicholas Meyer,The Seven-Per-Cent Solution
,"David Butler
Steve Shagan",Voyage of the Damned
"1977
(50th)",,
,Alvin Sargent,Julia
,Peter Shaffer,Equus
,"Gavin Lambert
Lewis John Carlino",I Never Promised You a Rose Garden
,Larry Gelbart,"Oh, God!"
,"Luis Buñuel (scenario)
Jean-Claude Carrière (collaboration)",That Obscure Object of Desire
"1978
(51st)",,
,Oliver Stone,Midnight Express
,Walter Newman,Bloodbrothers
,Neil Simon,California Suite
,"Elaine May
Warren Beatty",Heaven Can Wait
,Bernard Slade,"Same Time, Next Year"
"1979
(52nd)",,
,Robert Benton,Kramer vs. Kramer
,"John Milius
Francis Ford Coppola",Apocalypse Now
,"Marcello Danon
Édouard Molinaro
Jean Poiret
Francis Veber",La Cage aux folles
,Allan Burns,A Little Romance
,"Harriet Frank Jr.
Irving Ravetch",Norma Rae
"1980
(53rd)",,
,Alvin Sargent,Ordinary People
,"Jonathan Hardy
David Stevens
Bruce Beresford",Breaker Morant
,Tom Rickman,Coal Miner's Daughter
,"Christopher De Vore
Eric Bergren
David Lynch",The Elephant Man
,"Lawrence B. Marcus (screenplay)
Richard Rush (adaptation)",The Stunt Man
"1981
(54th)",,
,Ernest Thompson,On Golden Pond
,Harold Pinter,The French Lieutenant's Woman
,Dennis Potter,Pennies from Heaven
,"Jay Presson Allen
Sidney Lumet",Prince of the City
,Michael Weller,Ragtime
"1982
(55th)",,
,"Costa-Gavras
Donald E. Stewart",Missing
,Wolfgang Petersen,Das Boot
,Alan J. Pakula,Sophie's Choice
,David Mamet,The Verdict
,Blake Edwards,Victor/Victoria
"1983
(56th)",,
,James L. Brooks,Terms of Endearment
,Harold Pinter,Betrayal
,Ronald Harwood,The Dresser
,Willy Russell,Educating Rita
,Julius J. Epstein,"Reuben, Reuben"
"1984
(57th)",,
,Peter Shaffer,Amadeus
,"P.H. Vazak[15]
Michael Austin","Greystoke: The Legend of Tarzan, Lord of the Apes"
,Bruce Robinson,The Killing Fields
,David Lean,A Passage to India
,Charles Fuller,A Soldier's Story
"1985
(58th)",,
,Kurt Luedtke,Out of Africa
,Menno Meyjes,The Color Purple
,Leonard Schrader,Kiss of the Spider Woman
,"Richard Condon
Janet Roach",Prizzi's Honor
,Horton Foote,The Trip to Bountiful
"1986
(59th)",,
,Ruth Prawer Jhabvala,A Room with a View
,"Hesper Anderson
Mark Medoff",Children of a Lesser God
,Richard Price,The Color of Money
,Beth Henley,Crimes of the Heart
,"Raynold Gideon
Bruce A. Evans",Stand by Me
"1987
(60th)",,
,"Bernardo Bertolucci
Mark Peploe",The Last Emperor
,Tony Huston,The Dead
,James Dearden,Fatal Attraction
,"Gustav Hasford
Michael Herr
Stanley Kubrick",Full Metal Jacket
,"Brasse Brännström
Per Berglund
Lasse Hallström
Reidar Jönsson",My Life as a Dog
"1988
(61st)",,
,Christopher Hampton,Dangerous Liaisons
,"Frank Galati
Lawrence Kasdan",The Accidental Tourist
,"Anna Hamilton Phelan (story/screenplay)
Tab Murphy (story)",Gorillas in the Mist: The Story of Dian Fossey
,Christine Edzard,Little Dorrit
,"Jean-Claude Carrière
Philip Kaufman",The Unbearable Lightness of Being
"1989
(62nd)",,
,Alfred Uhry,Driving Miss Daisy
,"Ron Kovic
Oliver Stone",Born on the Fourth of July
,"Paul Mazursky
Roger L. Simon","Enemies, A Love Story"
,Phil Alden Robinson,Field of Dreams
,"Shane Connaughton
Jim Sheridan",My Left Foot
"1990
(63rd)",,
,Michael Blake,Dances with Wolves
,Steven Zaillian,Awakenings
,"Nicholas Pileggi
Martin Scorsese",Goodfellas
,Donald E. Westlake,The Grifters
,Nicholas Kazan,Reversal of Fortune
"1991
(64th)[16]",,
,Ted Tally,The Silence of the Lambs
,Agnieszka Holland,Europa Europa
,"Fannie Flagg
Carol Sobieski (posthumous nomination)",Fried Green Tomatoes
,"Oliver Stone
Zachary Sklar",JFK
,"Pat Conroy
Becky Johnston",The Prince of Tides
"1992
(65th)",,
,Ruth Prawer Jhabvala,Howards End
,Peter Barnes,Enchanted April
,Michael Tolkin,The Player
,Richard Friedenberg,A River Runs Through It
,Bo Goldman,Scent of a Woman
"1993
(66th)",,
,Steven Zaillian,Schindler's List
,"Jay Cocks
Martin Scorsese",The Age of Innocence
,"Terry George
Jim Sheridan",In the Name of the Father
,Ruth Prawer Jhabvala,The Remains of the Day
,William Nicholson,Shadowlands
"1994
(67th)",,
,Eric Roth,Forrest Gump
,Alan Bennett,The Madness of King George
,Robert Benton,Nobody's Fool
,Paul Attanasio,Quiz Show
,Frank Darabont,The Shawshank Redemption
"1995
(68th)",,
,Emma Thompson,Sense and Sensibility
,"William Broyles Jr.
Al Reinert",Apollo 13
,"George Miller
Chris Noonan",Babe
,Mike Figgis,Leaving Las Vegas
,"Anna Pavignano (screenplay)
Michael Radford (screenplay)
Furio Scarpelli (story/screenplay)
Giacomo Scarpelli (story/screenplay)
Massimo Troisi (screenplay) (posthumous nomination)",Il Postino
"1996
(69th)",,
,Billy Bob Thornton,Sling Blade
,Arthur Miller,The Crucible
,Anthony Minghella,The English Patient
,Kenneth Branagh,Hamlet
,John Hodge,Trainspotting
"1997
(70th)",,
,"Curtis Hanson
Brian Helgeland",L.A. Confidential
,Paul Attanasio,Donnie Brasco
,Atom Egoyan,The Sweet Hereafter
,"Hilary Henkin
David Mamet",Wag the Dog
,Hossein Amini,The Wings of the Dove
"1998
(71st)",,
,Bill Condon,Gods and Monsters
,Scott Frank,Out of Sight
,Elaine May,Primary Colors
,Scott Smith,A Simple Plan
,Terrence Malick,The Thin Red Line
"1999
(72nd)",,
,John Irving,The Cider House Rules
,"Alexander Payne
Jim Taylor",Election
,Frank Darabont,The Green Mile
,"Michael Mann
Eric Roth",The Insider
,Anthony Minghella,The Talented Mr. Ripley
"2000
(73rd)",,
,Stephen Gaghan,Traffic
,Robert Nelson Jacobs,Chocolat
,"Hui-Ling Wang
James Schamus
Kuo Jung Tsai","Crouching Tiger, Hidden Dragon"
,Joel Coen Ethan Coen,"O Brother, Where Art Thou?"
,Steve Kloves,Wonder Boys
"2001
(74th)",,
,Akiva Goldsman,A Beautiful Mind
,"Daniel Clowes
Terry Zwigoff",Ghost World
,"Todd Field
Rob Festinger",In the Bedroom
,"Fran Walsh
Philippa Boyens
Peter Jackson",The Lord of the Rings: The Fellowship of the Ring
,"Ted Elliott
Terry Rossio
Joe Stillman
Roger S. H. Schulman",Shrek
"2002
(75th)[17]",,
,Ronald Harwood,The Pianist
,"Peter Hedges
Chris Weitz
Paul Weitz",About a Boy
,"Charlie Kaufman
Donald Kaufman",Adaptation
,Bill Condon,Chicago
,David Hare,The Hours
"2003
(76th)",,
,"Fran Walsh
Philippa Boyens
Peter Jackson",The Lord of the Rings: The Return of the King
,Shari Springer Berman Robert Pulcini,American Splendor
,Bráulio Mantovani,City of God
,Brian Helgeland,Mystic River
,Gary Ross,Seabiscuit
"2004
(77th)",,
,"Alexander Payne
Jim Taylor",Sideways
,"Richard Linklater (story/screenplay)
Kim Krizan (story)
Julie Delpy (screenplay)
Ethan Hawke (screenplay)",Before Sunset
,David Magee,Finding Neverland
,Paul Haggis,Million Dollar Baby
,José Rivera,The Motorcycle Diaries
"2005
(78th)",,
,"Larry McMurtry
Diana Ossana",Brokeback Mountain
,Dan Futterman,Capote
,Jeffrey Caine,The Constant Gardener
,Josh Olson,A History of Violence
,"Tony Kushner
Eric Roth",Munich
"2006
(79th)",,
,William Monahan,The Departed
,"Sacha Baron Cohen (story/screenplay)
Peter Baynham (story/screenplay)
Anthony Hines (story/screenplay)
Dan Mazer (screenplay)
Todd Phillips (story)",Borat: Cultural Learnings of America for Make Benefit Glorious Nation of Kazakhstan
,"Alfonso Cuarón
Timothy J. Sexton
David Arata
Mark Fergus
Hawk Ostby",Children of Men
,"Todd Field
Tom Perrotta",Little Children
,Patrick Marber,Notes on a Scandal
"2007
(80th)",,
,Joel Coen Ethan Coen,No Country for Old Men
,Christopher Hampton,Atonement
,Sarah Polley,Away from Her
,Ronald Harwood,The Diving Bell and the Butterfly
,Paul Thomas Anderson,There Will Be Blood
"2008
(81st)",,
,Simon Beaufoy,Slumdog Millionaire
,"Eric Roth (story/screenplay)
Robin Swicord (story)",The Curious Case of Benjamin Button
,John Patrick Shanley,Doubt
,Peter Morgan,Frost/Nixon
,David Hare,The Reader
"2009
(82nd)",,
,Geoffrey Fletcher,"Precious: Based on the Novel ""Push"" by Sapphire"
,"Neill Blomkamp
Terri Tatchell",District 9
,Nick Hornby,An Education
,"Jesse Armstrong
Simon Blackwell
Armando Iannucci
Tony Roche",In the Loop
,"Jason Reitman
Sheldon Turner",Up in the Air
"2010
(83rd)",,
,Aaron Sorkin,The Social Network
,"Danny Boyle
Simon Beaufoy",127 Hours
,"Michael Arndt (screenplay)
John Lasseter (story)
Andrew Stanton (story)
Lee Unkrich (story)",Toy Story 3
,Joel Coen Ethan Coen,True Grit
,"Debra Granik
Anne Rosellini",Winter's Bone
"2011
(84th)",,
,"Alexander Payne
Nat Faxon
Jim Rash",The Descendants
,John Logan,Hugo
,"George Clooney
Grant Heslov
Beau Willimon",The Ides of March
,"Steven Zaillian (screenplay)
Aaron Sorkin (screenplay)
Stan Chervin (story)",Moneyball
,"Bridget O'Connor (posthumous nomination)
Peter Straughan",Tinker Tailor Soldier Spy
"2012
(85th)",,
,Chris Terrio,Argo
,"Lucy Alibar
Benh Zeitlin",Beasts of the Southern Wild
,David Magee,Life of Pi
,Tony Kushner,Lincoln
,David O. Russell,Silver Linings Playbook
"2013
(86th)",,
,John Ridley,12 Years a Slave
,"Richard Linklater
Julie Delpy
Ethan Hawke",Before Midnight
,Billy Ray,Captain Phillips
,"Steve Coogan
Jeff Pope",Philomena
,Terence Winter,The Wolf of Wall Street
"2014
(87th)",,
,Graham Moore,The Imitation Game
,Jason Hall,American Sniper
,Paul Thomas Anderson,Inherent Vice
,Anthony McCarten,The Theory of Everything
,Damien Chazelle,Whiplash
"2015
(88th)",,
,"Adam McKay
Charles Randolph",The Big Short
,Nick Hornby,Brooklyn
,Phyllis Nagy,Carol
,Drew Goddard,The Martian
,Emma Donoghue,Room
"2016
(89th)",Eric Heisserer,Arrival
,August Wilson (posthumous nomination),Fences
,"Allison Schroeder
Theodore Melfi",Hidden Figures
,Luke Davies,Lion
,"Barry Jenkins (screenplay)
Tarell Alvin McCraney (story)",Moonlight